age,workclass,fnlwgt,education,education.num,marital.status,occupation,relationship,race,sex,capital.gain,capital.loss,hours.per.week,native.country,salary
23,Government,190709,Assoc-acdm,12,Single,ProtectiveServ,Not-in-family,White,Male,0,0,52,USA,<=50K
46,Government,367251,Some-college,10,Married,Repairing,Husband,Black,Male,0,0,40,USA,>50K
26,Private,186950,Assoc-voc,11,Married,Administration,Wife,White,Female,0,0,40,USA,>50K
40,Private,82161,Bachelors,13,Single,Administration,Not-in-family,White,Male,0,0,40,USA,<=50K
22,Private,203182,Some-college,10,Single,Sales,Unmarried,White,Female,0,0,43,USA,<=50K
41,Private,171615,Assoc-acdm,12,Married,TechSupport,Husband,White,Male,0,0,45,USA,>50K
32,Private,196342,Doctorate,16,Single,Professionals,Not-in-family,White,Male,0,0,40,USA,>50K
41,Private,321824,HS-grad,9,Married,Repairing,Husband,White,Male,0,0,8,USA,<=50K
39,Private,178815,HS-grad,9,Single,Sales,Not-in-family,White,Male,0,0,55,USA,<=50K
26,Private,35917,HS-grad,9,Married,Sales,Husband,White,Male,0,0,40,USA,<=50K
41,Self_employment,252986,Masters,14,Married,Professionals,Husband,White,Male,0,0,40,USA,>50K
48,Private,141511,10th,6,Married,Executive,Husband,White,Male,0,0,45,USA,>50K
37,Private,99374,10th,6,Married,Transportation,Husband,White,Male,0,0,55,USA,<=50K
19,Private,178811,HS-grad,9,Single,MachineOper,Own-child,Black,Female,0,0,20,USA,<=50K
25,Government,328697,Some-college,10,Single,ProtectiveServ,Other-relative,White,Male,0,0,45,USA,<=50K
25,Private,367306,Some-college,10,Single,Administration,Own-child,White,Female,0,0,40,USA,<=50K
28,Private,70240,HS-grad,9,Married,Other-service,Not-in-family,AsianIslander,Female,0,0,40,Philippines,<=50K
51,Private,300816,Bachelors,13,Single,Administration,Unmarried,White,Male,0,0,20,USA,<=50K
34,Private,356882,Some-college,10,Married,Sales,Husband,White,Male,0,0,45,USA,>50K
40,Government,151038,Bachelors,13,Single,Repairing,Not-in-family,White,Male,0,0,40,USA,<=50K
26,Private,187577,Assoc-voc,11,Single,Sales,Not-in-family,White,Male,0,0,55,USA,<=50K
33,Private,232475,HS-grad,9,Married,Repairing,Husband,White,Male,0,0,40,USA,>50K
31,Private,342730,Assoc-acdm,12,Single,Transportation,Not-in-family,White,Male,0,0,45,USA,<=50K
19,Private,254247,12th,8,Single,Administration,Own-child,White,Male,0,0,38,USA,<=50K
58,Government,353244,Bachelors,13,Single,Executive,Unmarried,White,Female,27828,0,50,USA,>50K
35,Private,334999,HS-grad,9,Married,Sales,Husband,White,Male,0,0,45,USA,<=50K
50,Private,207367,Some-college,10,Married,Other-service,Not-in-family,White,Female,0,0,40,Cuba,<=50K
37,Government,327120,Some-college,10,Married,Transportation,Husband,White,Male,0,0,30,USA,<=50K
17,Private,47771,11th,7,Single,Professionals,Own-child,White,Female,0,0,20,USA,<=50K
36,Private,183892,Some-college,10,Married,Repairing,Husband,White,Male,7298,0,44,USA,>50K
45,Private,187666,Assoc-voc,11,Single,Executive,Not-in-family,White,Female,0,0,45,USA,<=50K
32,Private,101352,Some-college,10,Married,TechSupport,Wife,White,Female,0,0,32,USA,>50K
24,Private,128487,Bachelors,13,Single,Administration,Not-in-family,White,Female,0,0,40,USA,<=50K
32,Private,193260,Some-college,10,Married,MachineOper,Husband,AsianIslander,Male,0,0,40,Philippines,<=50K
31,Self_employment,235237,Some-college,10,Married,Sales,Husband,Black,Male,0,0,60,USA,>50K
51,Government,254211,Masters,14,Single,Sales,Unmarried,White,Male,0,0,50,El-Salvador,>50K
58,Private,114362,Some-college,10,Married,Farming,Husband,Black,Male,0,0,30,USA,<=50K
22,Private,177125,Some-college,10,Single,Administration,Not-in-family,White,Male,0,0,50,USA,<=50K
30,Private,84119,Some-college,10,Married,Repairing,Husband,White,Male,0,2051,40,USA,<=50K
35,Private,109351,Bachelors,13,Single,Sales,Not-in-family,White,Female,8614,0,45,USA,>50K
46,Private,206357,5th-6th,3,Married,Other-service,Wife,White,Female,0,0,40,Mexico,<=50K
46,Private,95636,Some-college,10,Single,Handlers,Not-in-family,White,Male,0,0,45,USA,<=50K
29,Private,53434,Assoc-voc,11,Married,Executive,Husband,White,Male,0,0,60,USA,>50K
43,Private,180138,HS-grad,9,Single,Repairing,Not-in-family,White,Male,0,0,45,USA,<=50K
47,Private,185399,HS-grad,9,Married,Other-service,Wife,White,Female,0,0,38,USA,<=50K
47,Government,27067,HS-grad,9,Single,Administration,Not-in-family,White,Female,0,0,40,USA,<=50K
25,Private,345121,10th,6,Single,Other-service,Own-child,White,Female,0,0,25,USA,<=50K
27,Private,175034,Bachelors,13,Single,Administration,Not-in-family,White,Female,0,0,40,USA,<=50K
90,Private,39824,HS-grad,9,Single,Repairing,Not-in-family,White,Male,401,0,4,USA,<=50K
37,Private,105021,Bachelors,13,Married,Sales,Husband,White,Male,0,0,50,USA,>50K
51,Private,120914,7th-8th,4,Married,Repairing,Husband,White,Male,2961,0,40,USA,<=50K
51,Self_employment,260938,Some-college,10,Married,Executive,Husband,White,Male,0,0,50,USA,>50K
39,Private,236391,HS-grad,9,Married,Transportation,Husband,White,Male,0,0,50,USA,>50K
24,Private,211391,10th,6,Single,Sales,Not-in-family,White,Female,0,0,15,USA,<=50K
36,Private,81896,Bachelors,13,Single,Professionals,Not-in-family,White,Female,0,0,45,USA,<=50K
18,Private,252046,HS-grad,9,Single,Repairing,Own-child,White,Female,0,0,30,USA,<=50K
29,Private,253801,HS-grad,9,Single,Repairing,Other-relative,White,Male,0,0,40,USA,<=50K
33,Private,326104,Some-college,10,Married,Executive,Husband,White,Male,0,0,50,USA,>50K
30,Private,164309,HS-grad,9,Single,Sales,Not-in-family,White,Female,0,0,35,USA,<=50K
28,Private,410450,Bachelors,13,Single,Other-service,Unmarried,White,Female,0,0,48,England,>50K
37,Self_employment,68899,HS-grad,9,Married,Repairing,Husband,White,Male,0,2129,40,USA,<=50K
32,Private,236770,Some-college,10,Single,Sales,Not-in-family,White,Male,0,0,50,USA,<=50K
44,Private,121130,HS-grad,9,Single,Other-service,Unmarried,White,Female,0,0,40,USA,<=50K
38,Government,86643,Bachelors,13,Married,Professionals,Husband,White,Male,0,0,45,USA,>50K
33,Private,93206,5th-6th,3,Married,Farming,Husband,AsianIslander,Male,0,0,40,Philippines,<=50K
22,Private,326334,Some-college,10,Single,Repairing,Own-child,White,Male,0,0,35,USA,<=50K
44,Private,136986,Some-college,10,Married,Repairing,Husband,White,Male,0,0,60,USA,>50K
41,Private,202822,HS-grad,9,Single,Administration,Not-in-family,Black,Female,0,0,32,USA,<=50K
45,Private,187033,HS-grad,9,Married,Repairing,Husband,White,Male,0,2051,40,USA,<=50K
28,Private,230743,Assoc-acdm,12,Single,Administration,Not-in-family,White,Female,0,0,40,USA,<=50K
30,Private,281030,Assoc-voc,11,Married,Sales,Husband,White,Male,4064,0,40,USA,<=50K
48,Private,108557,Bachelors,13,Married,TechSupport,Wife,White,Female,99999,0,40,USA,>50K
53,Private,240914,Some-college,10,Married,Repairing,Husband,White,Male,0,0,40,USA,<=50K
58,Self_employment,143266,Bachelors,13,Married,Professionals,Husband,White,Male,0,0,40,USA,<=50K
49,Private,33673,12th,8,Single,Transportation,Not-in-family,AsianIslander,Male,0,0,35,USA,<=50K
37,Private,31023,HS-grad,9,Married,Repairing,Husband,White,Male,0,0,51,USA,<=50K
43,Private,459342,HS-grad,9,Single,Administration,Not-in-family,White,Female,0,0,40,USA,<=50K
43,Government,218542,HS-grad,9,Single,Administration,Unmarried,Black,Female,0,0,40,USA,<=50K
51,Private,240988,11th,7,Married,MachineOper,Husband,AsianIslander,Male,0,0,40,Philippines,<=50K
43,Private,174196,HS-grad,9,Single,Other-service,Unmarried,Black,Female,0,0,40,USA,<=50K
32,Private,190511,Some-college,10,Married,Executive,Husband,White,Male,0,0,40,USA,>50K
50,Self_employment,195322,Doctorate,16,Single,Professionals,Not-in-family,White,Male,0,0,40,USA,>50K
45,Private,185385,HS-grad,9,Married,Repairing,Husband,White,Male,0,0,47,USA,>50K
44,Government,351228,HS-grad,9,Married,Administration,Husband,White,Male,0,0,40,USA,<=50K
49,Private,209146,HS-grad,9,Married,Transportation,Husband,White,Male,0,0,40,USA,<=50K
41,Private,216968,Bachelors,13,Single,Handlers,Not-in-family,Black,Male,0,0,40,USA,<=50K
39,Private,216552,Masters,14,Married,Administration,Husband,White,Male,0,0,40,USA,<=50K
29,Self_employment,190636,Some-college,10,Married,Repairing,Husband,NativeAmerican,Male,0,1485,60,USA,>50K
58,Private,225603,9th,5,Single,Farming,Not-in-family,Black,Male,0,0,40,USA,<=50K
20,Private,82777,Some-college,10,Single,Sales,Own-child,White,Male,0,0,16,USA,<=50K
58,Private,104333,Some-college,10,Married,Repairing,Husband,White,Male,0,0,40,USA,>50K
35,Private,144322,HS-grad,9,Single,MachineOper,Unmarried,White,Female,0,0,40,USA,<=50K
25,Private,220284,HS-grad,9,Single,Transportation,Unmarried,White,Male,0,0,40,Mexico,<=50K
35,Private,148903,HS-grad,9,Married,Other-service,Wife,White,Female,0,0,16,USA,>50K
41,Government,213154,Some-college,10,Married,Administration,Wife,Black,Female,0,0,40,USA,<=50K
47,Self_employment,118506,Bachelors,13,Married,Executive,Own-child,White,Male,0,0,60,USA,<=50K
52,Private,113094,Bachelors,13,Single,Administration,Unmarried,White,Female,0,1092,40,USA,<=50K
52,Government,236497,Bachelors,13,Married,TechSupport,Husband,White,Male,0,0,40,USA,<=50K
24,Private,333505,HS-grad,9,Married,Transportation,Own-child,White,Male,0,0,40,Peru,<=50K
19,Private,140590,12th,8,Single,Handlers,Own-child,Black,Male,0,0,30,USA,<=50K
44,Private,344060,Bachelors,13,Single,Other-service,Not-in-family,White,Male,0,0,40,USA,>50K
35,Private,111128,10th,6,Single,Administration,Own-child,White,Male,0,0,40,USA,<=50K
56,Private,134153,10th,6,Married,Administration,Husband,Black,Male,0,0,40,USA,<=50K
19,Private,229756,HS-grad,9,Single,Sales,Own-child,White,Male,0,0,50,USA,<=50K
35,Private,38245,Some-college,10,Married,Repairing,Husband,White,Male,0,0,60,USA,<=50K
25,Private,32276,HS-grad,9,Single,Repairing,Own-child,White,Male,0,0,28,USA,<=50K
19,Private,87497,11th,7,Single,Transportation,Other-relative,White,Male,0,0,10,USA,<=50K
57,Private,89182,HS-grad,9,Single,Administration,Not-in-family,White,Female,0,0,40,USA,<=50K
30,Private,149118,HS-grad,9,Single,Repairing,Not-in-family,White,Female,0,0,40,USA,<=50K
34,Private,209691,Assoc-voc,11,Married,Professionals,Husband,White,Male,4386,0,50,USA,>50K
22,Private,285775,Assoc-voc,11,Single,Repairing,Own-child,White,Male,0,0,40,USA,<=50K
44,Private,121012,9th,5,Single,Repairing,Not-in-family,White,Male,0,0,40,USA,<=50K
39,Private,250157,Bachelors,13,Single,Professionals,Not-in-family,White,Female,0,0,63,USA,<=50K
50,Private,196963,7th-8th,4,Single,Repairing,Not-in-family,White,Female,0,0,30,USA,<=50K
64,Government,550848,10th,6,Married,Executive,Husband,White,Male,0,0,40,USA,>50K
28,Government,288731,Bachelors,13,Married,Professionals,Husband,White,Male,0,0,20,USA,<=50K
51,Private,186303,Bachelors,13,Married,Sales,Husband,White,Male,0,0,40,USA,>50K
35,Private,161141,HS-grad,9,Married,MachineOper,Husband,White,Male,0,0,40,USA,<=50K
30,Self_employment,196342,Some-college,10,Single,Sales,Own-child,White,Male,0,0,25,USA,<=50K
21,Private,259510,HS-grad,9,Single,Handlers,Own-child,White,Male,0,0,36,USA,<=50K
23,Private,204641,10th,6,Single,Handlers,Unmarried,White,Male,0,0,50,USA,<=50K
30,Private,324120,HS-grad,9,Married,Handlers,Husband,White,Male,0,0,50,USA,<=50K
49,Private,168211,Some-college,10,Married,Repairing,Husband,White,Male,0,1485,40,USA,>50K
32,Private,251612,5th-6th,3,Single,Other-service,Unmarried,White,Female,0,0,45,Mexico,<=50K
33,Government,88913,Some-college,10,Single,Administration,Own-child,AsianIslander,Female,0,0,40,USA,<=50K
35,Private,222868,HS-grad,9,Married,Administration,Husband,White,Male,0,0,40,USA,<=50K
46,Government,170092,Masters,14,Single,Professionals,Not-in-family,White,Female,0,0,43,USA,<=50K
22,Private,305498,HS-grad,9,Single,Sales,Own-child,White,Female,0,0,33,USA,<=50K
32,Self_employment,377836,Assoc-voc,11,Married,Executive,Husband,White,Male,0,0,40,USA,<=50K
43,Self_employment,47261,Some-college,10,Married,Farming,Husband,White,Male,0,0,50,USA,<=50K
19,Private,106273,Some-college,10,Single,Sales,Own-child,White,Female,0,0,38,USA,<=50K
33,Private,290763,Some-college,10,Single,Sales,Not-in-family,White,Female,0,0,40,USA,<=50K
59,Private,515712,7th-8th,4,Married,Repairing,Husband,White,Male,0,0,40,USA,<=50K
18,Private,141918,HS-grad,9,Single,Handlers,Own-child,White,Male,0,0,22,USA,<=50K
66,Private,127139,Bachelors,13,Married,Professionals,Husband,White,Male,0,0,40,USA,>50K
61,Private,347089,HS-grad,9,Married,Transportation,Husband,White,Male,0,0,16,USA,<=50K
34,Private,346034,12th,8,Married,Handlers,Unmarried,White,Male,0,0,35,Mexico,<=50K
60,Private,63296,Masters,14,Single,Professionals,Other-relative,Black,Male,0,0,40,USA,<=50K
17,Private,104232,10th,6,Single,Other-service,Own-child,White,Male,0,0,10,USA,<=50K
27,Private,106039,Bachelors,13,Single,Professionals,Own-child,White,Female,0,0,50,USA,<=50K
49,Private,281647,Masters,14,Married,Executive,Husband,White,Male,0,0,45,USA,>50K
37,Private,103986,Bachelors,13,Married,Professionals,Husband,White,Male,7688,0,39,USA,>50K
21,Private,108670,HS-grad,9,Single,Professionals,Not-in-family,White,Female,0,0,40,USA,<=50K
34,Private,252646,Some-college,10,Married,Professionals,Husband,White,Male,7298,0,50,USA,>50K
22,Private,298489,Some-college,10,Single,Repairing,Own-child,White,Male,0,0,40,USA,<=50K
45,Self_employment,183710,9th,5,Married,Farming,Husband,White,Male,0,0,40,USA,<=50K
41,Private,185145,HS-grad,9,Married,TechSupport,Husband,White,Male,0,0,45,USA,>50K
48,Private,121124,HS-grad,9,Married,Executive,Husband,White,Male,0,0,50,USA,>50K
32,Private,398988,Bachelors,13,Single,Executive,Not-in-family,White,Male,0,0,40,USA,<=50K
30,Private,128065,Some-college,10,Married,TechSupport,Husband,White,Male,0,0,45,USA,<=50K
47,Government,96854,Bachelors,13,Married,Professionals,Husband,White,Male,0,0,40,USA,>50K
65,Private,93318,Some-college,10,Married,Executive,Wife,White,Female,0,0,45,USA,<=50K
30,Private,224462,HS-grad,9,Single,Handlers,Own-child,White,Male,0,0,40,USA,<=50K
51,Private,160703,12th,8,Married,Repairing,Husband,White,Male,0,0,45,USA,<=50K
47,Government,168109,HS-grad,9,Married,Administration,Husband,White,Male,0,0,70,USA,<=50K
47,Private,228583,Some-college,10,Married,Repairing,Husband,White,Male,0,0,40,USA,<=50K
27,Self_employment,113870,Masters,14,Single,Transportation,Own-child,White,Male,0,0,40,USA,<=50K
17,Private,130795,10th,6,Single,Other-service,Own-child,White,Male,0,0,20,USA,<=50K
17,Private,260797,10th,6,Single,Handlers,Own-child,White,Female,0,0,23,USA,<=50K
45,Government,172111,Bachelors,13,Single,Executive,Unmarried,Black,Female,0,0,60,USA,<=50K
31,Private,198069,HS-grad,9,Single,Other-service,Own-child,White,Male,0,0,24,USA,<=50K
23,Private,211160,12th,8,Married,Handlers,Own-child,White,Male,0,0,40,USA,<=50K
40,Private,279679,Some-college,10,Single,Executive,Not-in-family,White,Male,0,0,45,USA,<=50K
39,Self_employment,167482,Assoc-acdm,12,Married,Executive,Husband,White,Male,0,0,50,USA,>50K
27,Government,162973,Assoc-voc,11,Single,ProtectiveServ,Not-in-family,White,Male,0,0,56,USA,<=50K
54,Government,196307,10th,6,Married,Administration,Husband,White,Male,0,0,40,USA,<=50K
33,Private,115496,Doctorate,16,Married,Professionals,Husband,White,Male,0,0,60,USA,>50K
57,Private,365683,HS-grad,9,Single,MachineOper,Not-in-family,White,Female,0,0,40,USA,>50K
76,Self_employment,225964,Some-college,10,Single,Sales,Not-in-family,White,Male,0,0,8,USA,<=50K
40,Private,374764,Some-college,10,Single,Handlers,Not-in-family,White,Male,0,0,40,USA,<=50K
60,Private,338345,HS-grad,9,Married,Repairing,Husband,White,Male,0,0,45,USA,>50K
45,Private,51744,Bachelors,13,Single,Executive,Not-in-family,White,Female,0,0,42,USA,<=50K
29,Self_employment,337505,Some-college,10,Married,Repairing,Husband,AsianIslander,Male,0,0,40,SouthKorea,<=50K
49,Self_employment,86701,Some-college,10,Married,Repairing,Husband,AsianIslander,Male,0,0,56,USA,>50K
46,Private,389843,Bachelors,13,Married,Sales,Husband,White,Male,0,0,50,Germany,>50K
64,Private,208862,HS-grad,9,Married,Executive,Husband,White,Male,0,0,50,USA,>50K
24,Private,137591,Some-college,10,Single,Sales,Own-child,White,Male,0,1762,40,USA,<=50K
47,Private,339863,HS-grad,9,Married,Sales,Husband,White,Male,0,0,45,USA,>50K
35,Private,126675,HS-grad,9,Married,Executive,Husband,White,Male,0,0,48,USA,<=50K
26,Private,189219,Assoc-acdm,12,Single,Administration,Not-in-family,White,Female,0,0,8,USA,<=50K
36,Self_employment,36425,Some-college,10,Single,Sales,Unmarried,White,Female,0,0,35,USA,<=50K
38,Private,155222,Some-college,10,Single,MachineOper,Not-in-family,Black,Female,0,0,28,USA,<=50K
20,Private,291407,11th,7,Single,Handlers,Own-child,Black,Male,0,0,40,USA,<=50K
23,Self_employment,215395,Assoc-voc,11,Single,Repairing,Not-in-family,White,Male,0,0,50,USA,<=50K
59,Government,195467,Masters,14,Single,Executive,Not-in-family,White,Male,0,0,40,USA,<=50K
33,Self_employment,38223,HS-grad,9,Single,Farming,Own-child,White,Male,0,0,70,USA,<=50K
23,Private,230704,Some-college,10,Single,Handlers,Own-child,Black,Male,0,0,22,USA,<=50K
48,Private,105838,Bachelors,13,Married,Executive,Husband,White,Male,0,0,45,USA,>50K
38,Private,168680,Some-college,10,Single,Administration,Own-child,Black,Female,0,0,40,USA,<=50K
43,Private,110970,Bachelors,13,Married,Professionals,Husband,White,Male,0,1902,40,USA,>50K
23,Private,278391,HS-grad,9,Single,Transportation,Own-child,White,Male,0,0,40,USA,<=50K
36,Private,113481,HS-grad,9,Single,Repairing,Not-in-family,White,Male,0,0,40,USA,<=50K
63,Private,203783,HS-grad,9,Single,Professionals,Not-in-family,White,Female,0,0,72,USA,<=50K
24,Private,96279,HS-grad,9,Single,MachineOper,Own-child,White,Female,0,0,40,USA,<=50K
54,Private,398212,HS-grad,9,Married,Transportation,Husband,Black,Male,5013,0,40,USA,<=50K
25,Private,189590,Bachelors,13,Single,TechSupport,Not-in-family,White,Male,0,0,40,USA,<=50K
21,Private,111676,Some-college,10,Single,Other-service,Not-in-family,White,Female,0,0,40,USA,<=50K
34,Private,161018,Some-college,10,Married,Sales,Husband,White,Male,0,0,55,USA,>50K
37,Private,170408,Assoc-voc,11,Single,MachineOper,Not-in-family,White,Female,0,0,30,USA,<=50K
21,Private,314645,Some-college,10,Single,Sales,Not-in-family,White,Female,0,0,43,USA,<=50K
23,Private,315065,10th,6,Single,Other-service,Unmarried,White,Male,0,0,60,Mexico,<=50K
18,Private,165532,Some-college,10,Single,Sales,Own-child,White,Male,0,0,15,USA,<=50K
62,Private,91433,10th,6,Single,Professionals,Unmarried,White,Female,0,0,40,USA,<=50K
38,Private,87556,Bachelors,13,Married,Executive,Husband,White,Male,7688,0,55,USA,>50K
40,Private,73025,HS-grad,9,Married,Other-service,Husband,AsianIslander,Male,0,0,30,China,<=50K
57,Private,178353,HS-grad,9,Married,Repairing,Husband,White,Male,0,0,50,USA,>50K
42,Private,212737,9th,5,Single,Repairing,Unmarried,Black,Male,0,0,40,USA,<=50K
64,Private,66634,Bachelors,13,Single,Executive,Unmarried,White,Male,27828,0,50,USA,>50K
45,Government,352094,Some-college,10,Married,TechSupport,Husband,White,Male,7688,0,40,Guatemala,>50K
39,Private,51100,HS-grad,9,Married,Transportation,Husband,White,Male,0,0,40,USA,>50K
49,Private,266150,HS-grad,9,Married,MachineOper,Wife,White,Female,0,0,40,USA,<=50K
44,Private,191814,Some-college,10,Married,Repairing,Husband,White,Male,0,0,45,USA,<=50K
62,Self_employment,115176,HS-grad,9,Married,Farming,Husband,White,Male,0,0,65,USA,<=50K
45,Private,192835,Bachelors,13,Married,Executive,Husband,White,Male,0,1977,55,USA,>50K
23,Government,144165,Bachelors,13,Single,Professionals,Own-child,NativeAmerican,Male,0,0,30,USA,<=50K
77,Self_employment,145329,HS-grad,9,Single,MachineOper,Not-in-family,White,Male,401,0,20,USA,<=50K
34,Government,207383,Masters,14,Single,Professionals,Not-in-family,White,Female,0,0,40,USA,<=50K
17,Private,19752,11th,7,Single,Other-service,Own-child,Black,Female,0,0,25,USA,<=50K
46,Private,267107,5th-6th,3,Married,Repairing,Wife,White,Female,0,0,45,Italy,<=50K
37,Government,93225,Some-college,10,Married,Administration,Husband,White,Male,7688,0,40,USA,>50K
37,Private,31368,Some-college,10,Married,Repairing,Husband,White,Male,0,0,40,USA,<=50K
27,Private,278122,HS-grad,9,Single,Transportation,Own-child,White,Male,0,0,40,USA,<=50K
22,Private,165065,Some-college,10,Single,MachineOper,Own-child,White,Female,0,0,40,Italy,<=50K
42,Government,136996,Some-college,10,Married,ProtectiveServ,Husband,Black,Male,0,0,48,USA,<=50K
61,Government,28291,Bachelors,13,Married,Executive,Wife,White,Female,0,0,40,USA,<=50K
46,Private,155489,HS-grad,9,Married,Administration,Husband,White,Male,0,0,58,USA,>50K
31,Private,112115,Some-college,10,Married,Sales,Husband,White,Male,0,0,40,USA,<=50K
30,Private,89625,Some-college,10,Married,Professionals,Wife,AsianIslander,Female,0,0,5,USA,>50K
65,Private,111916,HS-grad,9,Married,Repairing,Husband,White,Male,0,0,40,USA,<=50K
40,Government,273425,Assoc-voc,11,Married,Professionals,Husband,White,Male,0,0,15,USA,<=50K
35,Private,145704,HS-grad,9,Married,Professionals,Wife,White,Female,3942,0,35,USA,<=50K
27,Private,134152,HS-grad,9,Married,MachineOper,Husband,White,Male,0,0,45,USA,<=50K
43,Government,255835,Some-college,10,Single,Administration,Other-relative,White,Female,0,0,40,USA,<=50K
45,Private,102147,HS-grad,9,Married,Repairing,Husband,White,Male,0,0,40,USA,<=50K
49,Self_employment,257764,HS-grad,9,Single,Executive,Unmarried,White,Female,0,0,40,USA,<=50K
58,Private,210031,HS-grad,9,Single,Repairing,Unmarried,White,Male,0,0,40,USA,<=50K
49,Government,223342,Some-college,10,Single,Administration,Not-in-family,White,Female,0,0,44,USA,<=50K
55,Private,100054,10th,6,Single,Other-service,Not-in-family,White,Male,0,0,40,USA,<=50K
51,Private,215404,Bachelors,13,Married,Professionals,Husband,NativeAmerican,Male,15024,0,40,USA,>50K
51,Private,56915,HS-grad,9,Married,Repairing,Husband,NativeAmerican,Male,0,0,40,USA,<=50K
41,Self_employment,196001,HS-grad,9,Married,Other-service,Wife,White,Female,0,0,20,USA,<=50K
30,Private,193598,Preschool,1,Single,Farming,Not-in-family,White,Male,0,0,40,Mexico,<=50K
43,Private,211128,Masters,14,Single,Executive,Not-in-family,White,Female,0,0,50,USA,>50K
22,Private,231053,11th,7,Married,MachineOper,Husband,White,Male,0,0,70,USA,>50K
45,Private,53524,Some-college,10,Married,Repairing,Husband,White,Male,0,0,40,USA,<=50K
50,Government,123044,Masters,14,Married,Executive,Husband,White,Male,0,0,60,USA,>50K
46,Private,185673,HS-grad,9,Single,Transportation,Not-in-family,White,Male,0,0,40,USA,<=50K
51,Private,118793,Bachelors,13,Married,Professionals,Husband,White,Male,0,0,70,USA,>50K
25,Private,294400,7th-8th,4,Married,Repairing,Husband,White,Male,0,0,60,USA,<=50K
42,Private,31251,Assoc-voc,11,Married,Sales,Husband,White,Male,0,0,37,USA,<=50K
69,Private,229418,HS-grad,9,Married,Transportation,Husband,White,Male,0,0,40,USA,<=50K
35,Private,187119,Bachelors,13,Single,Sales,Not-in-family,White,Female,0,1980,65,USA,<=50K
38,Private,184801,Bachelors,13,Married,Sales,Husband,White,Male,0,0,60,USA,>50K
56,Private,34626,Some-college,10,Single,Executive,Not-in-family,White,Female,0,1980,40,USA,<=50K
41,Government,74581,Bachelors,13,Single,Professionals,Unmarried,White,Male,0,0,65,USA,<=50K
32,Private,158002,Some-college,10,Single,MachineOper,Other-relative,White,Male,0,0,55,Ecuador,<=50K
62,Government,250091,Bachelors,13,Single,Administration,Not-in-family,White,Male,0,0,5,USA,<=50K
19,Government,56424,12th,8,Single,Transportation,Own-child,Black,Male,0,0,20,USA,<=50K
22,Private,46561,Assoc-voc,11,Married,MachineOper,Husband,White,Male,0,0,40,USA,<=50K
44,Private,52028,1st-4th,2,Married,Other-service,Wife,AsianIslander,Female,0,0,40,Vietnam,<=50K
25,Private,209286,Some-college,10,Married,Repairing,Husband,White,Male,0,0,40,USA,<=50K
18,Private,309634,11th,7,Single,Other-service,Own-child,White,Female,0,0,22,USA,<=50K
31,Private,251659,Some-college,10,Married,Other-service,Husband,AsianIslander,Male,0,1485,55,USA,>50K
52,Private,329733,Some-college,10,Single,Executive,Not-in-family,White,Male,0,0,40,USA,<=50K
36,Self_employment,367020,7th-8th,4,Married,Repairing,Husband,White,Male,0,0,35,USA,<=50K
33,Private,86492,HS-grad,9,Single,Transportation,Not-in-family,White,Male,0,0,87,USA,<=50K
44,Self_employment,172479,HS-grad,9,Married,Farming,Husband,White,Male,15024,0,60,USA,>50K
21,Government,142766,Some-college,10,Single,Other-service,Own-child,White,Male,0,0,10,USA,<=50K
29,Private,174645,11th,7,Single,Repairing,Unmarried,White,Female,0,0,52,USA,<=50K
47,Private,197836,HS-grad,9,Married,Sales,Husband,White,Male,0,0,45,USA,<=50K
50,Government,50178,Some-college,10,Married,Repairing,Husband,White,Male,4064,0,55,USA,<=50K
60,Private,188650,5th-6th,3,Married,Sales,Husband,White,Male,0,0,40,USA,>50K
58,Self_employment,165315,HS-grad,9,Married,Sales,Husband,White,Male,0,0,35,USA,>50K
68,Private,186350,HS-grad,9,Single,Executive,Not-in-family,White,Female,0,0,10,USA,>50K
64,Private,379062,Some-college,10,Single,Administration,Unmarried,White,Female,0,0,12,USA,<=50K
46,Private,155659,Some-college,10,Married,Repairing,Husband,White,Male,15024,0,45,USA,>50K
19,Private,202673,Some-college,10,Single,Handlers,Own-child,White,Male,0,0,50,USA,<=50K
45,Private,174794,Bachelors,13,Single,Professionals,Unmarried,White,Female,0,0,56,Germany,<=50K
45,Private,100651,HS-grad,9,Single,Other-service,Not-in-family,White,Male,0,1980,40,USA,<=50K
34,Private,134737,Assoc-voc,11,Married,MachineOper,Husband,White,Male,0,0,40,USA,<=50K
49,Private,188694,Bachelors,13,Single,Executive,Not-in-family,White,Male,0,0,40,USA,>50K
27,Private,90270,Assoc-acdm,12,Married,Farming,Own-child,NativeAmerican,Male,0,0,40,USA,<=50K
43,Private,55395,Some-college,10,Married,Repairing,Husband,White,Male,0,0,40,USA,<=50K
41,Private,160785,Assoc-voc,11,Married,Executive,Husband,White,Male,0,0,40,USA,>50K
20,Private,369678,12th,8,Single,Repairing,Not-in-family,Other,Male,0,1602,40,USA,<=50K
50,Private,125417,Assoc-acdm,12,Married,Executive,Wife,Black,Female,0,0,40,USA,>50K
44,Self_employment,208277,HS-grad,9,Married,MachineOper,Wife,White,Female,0,0,45,USA,<=50K
69,Government,476653,Bachelors,13,Married,Professionals,Husband,White,Male,0,0,20,USA,<=50K
61,Private,203126,Bachelors,13,Single,HouseService,Not-in-family,White,Female,0,0,12,USA,<=50K
36,Government,241998,Bachelors,13,Married,Professionals,Husband,White,Male,0,1672,50,USA,<=50K
39,Government,152307,Bachelors,13,Married,Professionals,Husband,White,Male,0,0,40,USA,<=50K
66,Self_employment,262552,Some-college,10,Married,Farming,Husband,White,Male,0,0,7,USA,<=50K
25,Private,164229,HS-grad,9,Single,Other-service,Not-in-family,White,Male,2597,0,40,USA,<=50K
52,Private,226084,HS-grad,9,Single,HouseService,Other-relative,White,Female,0,0,40,USA,<=50K
52,Self_employment,114758,Bachelors,13,Married,Sales,Husband,White,Male,15024,0,50,USA,>50K
30,Private,97933,Assoc-acdm,12,Married,Transportation,Wife,White,Female,0,1485,37,USA,>50K
18,Private,446771,Some-college,10,Single,Administration,Own-child,White,Male,0,0,25,USA,<=50K
23,Private,38238,Bachelors,13,Single,Other-service,Own-child,White,Male,0,0,40,USA,<=50K
48,Private,249935,HS-grad,9,Married,Transportation,Husband,White,Male,0,0,44,USA,<=50K
29,Private,190350,12th,8,Single,Other-service,Unmarried,Black,Female,0,0,35,USA,<=50K
17,Private,224073,11th,7,Single,Sales,Own-child,White,Male,0,0,20,USA,<=50K
62,Private,71751,Some-college,10,Married,Executive,Husband,White,Male,0,1977,98,USA,>50K
39,Government,214284,Bachelors,13,Single,Professionals,Unmarried,AsianIslander,Female,0,0,10,Japan,<=50K
38,Private,173208,Masters,14,Married,Professionals,Husband,White,Male,0,0,25,USA,<=50K
41,Private,355918,Some-college,10,Married,Transportation,Husband,White,Male,0,0,65,USA,>50K
22,Private,113936,Some-college,10,Single,Handlers,Own-child,White,Male,0,0,40,USA,<=50K
23,Government,314645,Assoc-acdm,12,Single,Administration,Not-in-family,White,Female,0,0,25,USA,<=50K
40,Private,255675,Some-college,10,Married,Professionals,Husband,White,Male,0,0,40,USA,>50K
75,Self_employment,208426,Prof-school,15,Married,Professionals,Husband,White,Male,0,0,35,USA,<=50K
30,Private,144593,HS-grad,9,Single,Other-service,Not-in-family,Black,Male,0,0,40,Peru,<=50K
23,Private,132300,Bachelors,13,Single,Sales,Not-in-family,White,Female,0,0,40,USA,<=50K
39,Private,112731,HS-grad,9,Single,Other-service,Not-in-family,Other,Female,0,0,40,DominicRep,<=50K
20,Private,64292,Some-college,10,Single,Sales,Not-in-family,White,Female,0,0,50,USA,<=50K
25,Private,123083,Bachelors,13,Single,Professionals,Not-in-family,White,Female,0,0,40,USA,<=50K
27,Private,147638,Masters,14,Single,Sales,Not-in-family,Other,Female,0,0,40,Japan,<=50K
38,Private,166585,HS-grad,9,Single,Executive,Own-child,White,Female,0,0,40,USA,<=50K
27,Government,257124,Bachelors,13,Single,Transportation,Other-relative,White,Male,0,0,35,USA,<=50K
47,Government,103743,7th-8th,4,Married,Transportation,Husband,White,Male,0,0,40,USA,<=50K
51,Government,110327,Bachelors,13,Married,Executive,Husband,White,Male,0,0,40,USA,>50K
43,Self_employment,82488,Bachelors,13,Married,Sales,Own-child,AsianIslander,Female,0,0,40,Philippines,>50K
50,Private,104501,Masters,14,Married,Professionals,Husband,White,Male,0,0,40,USA,>50K
46,Private,203039,Bachelors,13,Married,Sales,Husband,White,Male,0,0,48,USA,<=50K
28,Private,109621,Assoc-acdm,12,Married,Transportation,Husband,White,Male,0,0,40,USA,<=50K
17,Private,186067,10th,6,Single,TechSupport,Own-child,White,Male,0,0,10,USA,<=50K
28,Private,90196,Bachelors,13,Married,Executive,Husband,White,Male,0,0,45,USA,>50K
50,Private,228057,HS-grad,9,Married,Transportation,Husband,White,Male,0,0,40,USA,<=50K
27,Government,255237,Bachelors,13,Single,Professionals,Not-in-family,White,Female,0,0,40,USA,<=50K
26,Private,192022,Bachelors,13,Single,Professionals,Own-child,White,Female,0,0,40,USA,<=50K
44,Private,267790,9th,5,Single,Other-service,Unmarried,Black,Female,0,0,40,USA,<=50K
38,Private,153976,HS-grad,9,Married,Repairing,Husband,White,Male,0,0,40,USA,<=50K
38,Private,111499,HS-grad,9,Married,Sales,Husband,White,Male,0,1977,99,USA,>50K
44,Private,211759,Bachelors,13,Married,Executive,Husband,Other,Male,0,0,40,PuertoRico,<=50K
28,Private,354095,Some-college,10,Single,Sales,Not-in-family,White,Female,0,0,40,USA,<=50K
42,Self_employment,98061,Assoc-voc,11,Married,Executive,Husband,White,Male,0,0,50,USA,<=50K
50,Private,104501,HS-grad,9,Married,Repairing,Husband,White,Male,0,0,40,USA,>50K
58,Private,182123,HS-grad,9,Married,MachineOper,Husband,White,Male,0,0,44,USA,<=50K
34,Private,202210,HS-grad,9,Single,Other-service,Unmarried,Black,Female,0,0,40,USA,<=50K
55,Self_employment,298449,Bachelors,13,Married,Executive,Husband,White,Male,0,2415,50,USA,>50K
30,Private,226665,Bachelors,13,Married,Executive,Husband,Black,Male,0,0,42,USA,>50K
19,Private,121240,HS-grad,9,Single,Other-service,Not-in-family,White,Male,0,0,30,USA,<=50K
44,Government,404599,HS-grad,9,Single,Administration,Unmarried,Black,Female,0,0,40,USA,<=50K
24,Private,108495,Some-college,10,Single,Administration,Own-child,White,Male,0,0,40,India,<=50K
60,Private,41553,Some-college,10,Single,Sales,Not-in-family,Black,Female,0,0,40,USA,<=50K
27,Private,47907,Bachelors,13,Single,Professionals,Not-in-family,White,Female,0,0,48,USA,<=50K
19,Private,128363,Some-college,10,Single,Sales,Own-child,White,Female,0,0,30,USA,<=50K
53,Self_employment,158284,HS-grad,9,Married,Sales,Husband,White,Male,0,0,70,USA,<=50K
46,Government,29696,HS-grad,9,Married,Transportation,Husband,White,Male,0,0,40,USA,<=50K
45,Private,285858,Bachelors,13,Married,Transportation,Husband,White,Male,0,0,40,USA,>50K
37,Private,265038,Some-college,10,Married,Transportation,Husband,White,Male,0,0,50,USA,<=50K
17,Private,350995,12th,8,Single,Other-service,Own-child,White,Male,0,0,16,USA,<=50K
29,Private,109814,Bachelors,13,Single,Handlers,Own-child,White,Male,0,0,40,USA,<=50K
33,Private,222205,HS-grad,9,Married,Repairing,Wife,White,Female,0,0,40,USA,>50K
38,Private,335104,Bachelors,13,Single,Professionals,Not-in-family,White,Female,0,0,35,USA,<=50K
50,Government,201513,HS-grad,9,Single,Administration,Own-child,White,Female,0,0,40,USA,<=50K
34,Self_employment,31740,HS-grad,9,Single,Farming,Not-in-family,White,Male,0,0,40,USA,<=50K
33,Private,183612,HS-grad,9,Married,MachineOper,Husband,White,Male,0,0,40,USA,>50K
31,Private,211334,Some-college,10,Married,Repairing,Husband,White,Male,2407,0,65,USA,<=50K
51,Private,34361,Some-college,10,Married,Executive,Wife,White,Female,0,0,20,USA,>50K
69,Private,370888,Assoc-acdm,12,Single,Administration,Not-in-family,White,Female,2964,0,6,Germany,<=50K
39,Private,24106,Some-college,10,Married,Sales,Husband,White,Male,0,0,40,Philippines,>50K
57,Private,174353,HS-grad,9,Single,Executive,Not-in-family,White,Male,0,0,40,USA,<=50K
52,Private,95128,Some-college,10,Single,Sales,Not-in-family,White,Male,0,0,50,USA,<=50K
55,Private,89182,12th,8,Single,MachineOper,Not-in-family,White,Female,0,0,40,Italy,<=50K
32,Private,198452,HS-grad,9,Married,Farming,Wife,White,Female,0,0,40,USA,<=50K
37,Government,174924,Some-college,10,Single,ProtectiveServ,Unmarried,White,Male,0,0,48,Germany,<=50K
39,Self_employment,68781,HS-grad,9,Married,Executive,Husband,White,Male,0,0,40,USA,<=50K
21,Private,25265,HS-grad,9,Single,Repairing,Own-child,White,Male,0,0,40,USA,<=50K
48,Private,85341,HS-grad,9,Married,Repairing,Husband,White,Male,0,0,40,USA,<=50K
19,Private,217039,Some-college,10,Single,Administration,Own-child,White,Male,0,0,28,USA,<=50K
41,Private,352812,Some-college,10,Married,Executive,Wife,White,Female,0,1902,40,USA,>50K
79,Private,333230,HS-grad,9,Married,Professionals,Not-in-family,White,Male,0,0,6,USA,<=50K
60,Private,186446,7th-8th,4,Married,MachineOper,Wife,White,Female,0,0,40,USA,<=50K
21,Private,82847,Some-college,10,Single,TechSupport,Not-in-family,White,Female,0,0,50,USA,<=50K
37,Private,201141,HS-grad,9,Single,Administration,Own-child,White,Female,0,0,37,USA,<=50K
36,Private,200352,Bachelors,13,Married,Professionals,Husband,White,Male,0,0,45,USA,<=50K
44,Private,163331,Some-college,10,Single,Administration,Unmarried,White,Female,0,0,32,USA,<=50K
33,Government,94193,HS-grad,9,Single,Administration,Unmarried,White,Female,0,0,40,USA,<=50K
44,Private,468706,HS-grad,9,Married,Farming,Husband,Black,Male,0,0,40,USA,<=50K
35,Private,246829,HS-grad,9,Single,Executive,Unmarried,White,Female,0,0,40,USA,<=50K
23,Private,412248,Assoc-acdm,12,Single,Other-service,Not-in-family,White,Female,0,0,25,USA,<=50K
33,Self_employment,108438,HS-grad,9,Married,Repairing,Husband,White,Male,0,0,40,USA,>50K
26,Private,188767,Bachelors,13,Single,Sales,Own-child,White,Male,0,0,40,USA,<=50K
32,Private,50178,Some-college,10,Single,Sales,Own-child,White,Male,0,0,35,USA,<=50K
18,Private,157131,HS-grad,9,Single,Other-service,Own-child,White,Female,0,0,12,USA,<=50K
36,Self_employment,111957,Some-college,10,Married,Executive,Husband,White,Male,0,0,52,USA,<=50K
60,Private,24872,Some-college,10,Single,Transportation,Not-in-family,NativeAmerican,Female,0,0,30,USA,<=50K
25,Private,113436,Some-college,10,Single,Administration,Own-child,White,Male,0,0,15,USA,<=50K
33,Private,278736,Assoc-voc,11,Married,MachineOper,Husband,White,Male,0,0,50,USA,<=50K
58,Private,180980,Some-college,10,Single,Other-service,Unmarried,White,Female,0,0,42,France,<=50K
26,Private,139992,Bachelors,13,Single,Professionals,Not-in-family,White,Female,0,0,40,USA,<=50K
47,Private,212120,Bachelors,13,Married,Executive,Husband,White,Male,0,0,45,USA,>50K
42,Private,183205,HS-grad,9,Single,Executive,Unmarried,White,Female,0,0,45,USA,<=50K
40,Private,374367,Assoc-voc,11,Single,Sales,Not-in-family,Black,Male,0,0,44,USA,<=50K
33,Private,155343,HS-grad,9,Married,Sales,Husband,White,Male,3103,0,40,USA,>50K
37,Private,111499,Some-college,10,Single,Executive,Not-in-family,White,Female,0,0,40,USA,<=50K
44,Private,155701,7th-8th,4,Single,Other-service,Unmarried,White,Female,0,0,38,Peru,<=50K
48,Government,327886,Doctorate,16,Single,Professionals,Own-child,White,Male,0,0,50,USA,>50K
26,Private,53598,Some-college,10,Single,Administration,Not-in-family,White,Female,0,0,40,USA,<=50K
24,Private,100605,Some-college,10,Single,MachineOper,Own-child,Other,Male,0,0,14,USA,<=50K
19,Private,427862,Some-college,10,Single,Other-service,Own-child,White,Male,0,0,35,USA,<=50K
44,Private,104440,Bachelors,13,Married,Executive,Husband,White,Male,0,0,40,USA,>50K
26,Private,339324,HS-grad,9,Married,MachineOper,Husband,White,Male,0,0,96,USA,<=50K
30,Private,148524,HS-grad,9,Married,Transportation,Husband,White,Male,0,2057,40,USA,<=50K
29,Private,81057,Some-college,10,Single,Administration,Own-child,White,Female,0,0,40,USA,<=50K
35,Private,107125,Bachelors,13,Married,Professionals,Husband,White,Male,0,0,16,USA,>50K
67,Self_employment,431426,Assoc-acdm,12,Married,Executive,Wife,White,Female,20051,0,4,USA,>50K
30,Private,396538,HS-grad,9,Single,Executive,Unmarried,White,Female,0,0,29,USA,<=50K
30,Private,190912,11th,7,Married,Handlers,Husband,AsianIslander,Male,0,1651,40,Vietnam,<=50K
43,Private,358199,Some-college,10,Married,Sales,Husband,White,Male,3103,0,40,USA,>50K
55,Private,147989,Some-college,10,Married,Repairing,Husband,White,Male,5013,0,52,USA,<=50K
46,Private,241844,9th,5,Married,Other-service,Husband,White,Male,0,0,40,USA,<=50K
35,Private,301862,HS-grad,9,Married,MachineOper,Husband,White,Male,0,0,40,USA,<=50K
47,Private,280483,HS-grad,9,Single,Repairing,Unmarried,Black,Female,0,0,40,USA,<=50K
53,Self_employment,279129,Some-college,10,Married,Farming,Husband,White,Male,0,0,30,USA,<=50K
70,Self_employment,243436,9th,5,Single,Sales,Not-in-family,White,Male,0,0,45,USA,<=50K
75,Private,248833,HS-grad,9,Married,Sales,Wife,White,Female,2653,0,14,USA,<=50K
90,Government,214594,7th-8th,4,Married,ProtectiveServ,Husband,White,Male,2653,0,40,USA,<=50K
22,Private,229456,Some-college,10,Single,Administration,Own-child,Black,Female,0,0,35,USA,<=50K
26,Private,209942,HS-grad,9,Single,Handlers,Own-child,Black,Male,0,0,40,USA,<=50K
31,Private,119033,HS-grad,9,Married,Repairing,Husband,White,Male,0,0,40,USA,<=50K
36,Government,150309,Assoc-voc,11,Married,Transportation,Husband,NativeAmerican,Male,0,0,40,USA,<=50K
55,Private,92215,HS-grad,9,Single,Administration,Not-in-family,White,Female,0,0,40,USA,<=50K
34,Private,176711,HS-grad,9,Single,Other-service,Own-child,White,Male,0,0,40,USA,<=50K
21,Private,203914,Some-college,10,Single,Other-service,Own-child,White,Female,0,0,10,USA,<=50K
38,Private,472604,Bachelors,13,Married,Other-service,Husband,White,Male,0,0,35,Mexico,<=50K
55,Self_employment,200939,HS-grad,9,Married,Transportation,Husband,White,Male,0,0,72,USA,<=50K
42,Government,455553,HS-grad,9,Single,Administration,Unmarried,Black,Female,0,0,40,USA,<=50K
24,Private,267706,Some-college,10,Single,Repairing,Own-child,White,Female,0,0,45,USA,<=50K
42,Private,230684,Bachelors,13,Married,Professionals,Husband,White,Male,5013,0,40,USA,<=50K
35,Self_employment,120301,Some-college,10,Married,Executive,Husband,White,Male,0,0,45,USA,<=50K
42,Self_employment,303044,HS-grad,9,Married,Farming,Husband,AsianIslander,Male,0,0,40,Cambodia,>50K
22,Private,341368,Some-college,10,Single,Other-service,Not-in-family,White,Male,0,0,50,USA,<=50K
24,Private,149342,Bachelors,13,Single,Sales,Not-in-family,White,Female,0,0,40,USA,<=50K
31,Private,259425,HS-grad,9,Married,Repairing,Husband,White,Male,0,0,40,USA,>50K
22,Private,137876,Some-college,10,Single,ProtectiveServ,Not-in-family,White,Male,0,0,20,USA,<=50K
41,Government,219155,Prof-school,15,Married,Professionals,Husband,White,Male,0,0,50,India,>50K
28,Private,53063,Bachelors,13,Married,Executive,Husband,White,Male,0,0,45,USA,<=50K
19,Private,354104,HS-grad,9,Single,Handlers,Own-child,White,Male,0,0,30,USA,<=50K
75,Private,104896,HS-grad,9,Married,Sales,Husband,White,Male,2653,0,20,USA,<=50K
44,Private,214415,Some-college,10,Single,Professionals,Unmarried,Black,Female,0,0,40,USA,<=50K
43,Government,126701,Bachelors,13,Married,Executive,Husband,White,Male,0,0,35,USA,>50K
46,Private,166003,11th,7,Married,MachineOper,Husband,White,Male,0,0,40,USA,<=50K
32,Private,262153,HS-grad,9,Single,Repairing,Unmarried,White,Male,0,0,35,USA,<=50K
28,Private,249870,Prof-school,15,Single,Professionals,Not-in-family,Black,Male,0,0,50,USA,<=50K
22,Self_employment,279802,Some-college,10,Single,Professionals,Own-child,White,Female,0,0,3,USA,<=50K
65,Self_employment,37092,Assoc-voc,11,Married,Farming,Husband,White,Male,0,0,25,USA,<=50K
53,Private,172991,Some-college,10,Married,Sales,Husband,White,Male,0,0,25,USA,<=50K
43,Government,96102,Some-college,10,Married,ProtectiveServ,Husband,White,Male,0,1887,40,USA,>50K
29,Private,188675,Some-college,10,Married,Repairing,Husband,Black,Male,0,0,40,Jamaica,>50K
33,Private,217460,Assoc-acdm,12,Married,Professionals,Husband,White,Male,0,0,40,USA,>50K
30,Government,118500,Bachelors,13,Single,Professionals,Not-in-family,White,Female,0,0,40,USA,<=50K
23,Private,440456,Bachelors,13,Single,Other-service,Not-in-family,White,Male,0,0,40,USA,<=50K
26,Private,358975,Some-college,10,Single,HouseService,Not-in-family,White,Female,0,0,50,Hungary,<=50K
54,Government,44172,HS-grad,9,Single,Executive,Unmarried,White,Female,0,0,38,USA,<=50K
25,Private,186370,HS-grad,9,Married,Handlers,Husband,White,Male,0,0,40,USA,<=50K
46,Private,182533,Bachelors,13,Single,Administration,Unmarried,AsianIslander,Female,0,0,40,Philippines,<=50K
24,Private,266926,Some-college,10,Married,Handlers,Husband,White,Male,0,0,40,USA,<=50K
38,Private,207568,Bachelors,13,Married,Executive,Husband,White,Male,5178,0,40,USA,>50K
45,Self_employment,176814,Doctorate,16,Married,Professionals,Husband,White,Male,15024,0,40,USA,>50K
56,Private,117148,7th-8th,4,Single,MachineOper,Not-in-family,White,Female,0,0,40,USA,<=50K
23,Private,60331,HS-grad,9,Single,MachineOper,Own-child,White,Male,0,0,40,USA,<=50K
52,Private,135607,Some-college,10,Single,Other-service,Unmarried,Black,Female,0,0,40,Canada,<=50K
32,Private,61898,11th,7,Single,Other-service,Unmarried,White,Female,0,0,15,USA,<=50K
34,Private,221396,Some-college,10,Married,Administration,Husband,White,Male,0,0,40,USA,<=50K
44,Private,467799,HS-grad,9,Married,Repairing,Husband,White,Male,0,0,40,USA,<=50K
27,Private,333296,Bachelors,13,Single,Other-service,Not-in-family,White,Male,0,0,30,USA,<=50K
40,Government,406463,Masters,14,Single,TechSupport,Not-in-family,White,Female,0,0,40,USA,<=50K
30,Private,154568,Bachelors,13,Married,Repairing,Husband,AsianIslander,Male,0,0,36,Vietnam,>50K
27,Private,236481,Prof-school,15,Single,Professionals,Not-in-family,AsianIslander,Male,0,0,10,India,<=50K
29,Private,315026,HS-grad,9,Single,Repairing,Unmarried,White,Female,0,0,40,USA,<=50K
29,Private,203833,Bachelors,13,Single,Professionals,Not-in-family,Black,Male,0,0,40,USA,<=50K
26,Private,276548,HS-grad,9,Married,Sales,Wife,White,Female,0,0,20,USA,<=50K
28,Private,334368,Some-college,10,Single,Administration,Not-in-family,White,Female,0,0,40,USA,<=50K
43,Private,152617,Some-college,10,Single,Administration,Own-child,White,Female,0,0,40,USA,<=50K
33,Private,196898,Bachelors,13,Single,Professionals,Not-in-family,White,Female,0,0,40,USA,<=50K
20,Private,205895,Some-college,10,Single,Sales,Own-child,White,Female,0,0,20,USA,<=50K
35,Government,190226,HS-grad,9,Single,ProtectiveServ,Own-child,White,Male,0,0,40,USA,<=50K
28,Private,222005,HS-grad,9,Single,MachineOper,Other-relative,White,Female,0,0,40,Mexico,<=50K
25,Private,38488,HS-grad,9,Single,Administration,Own-child,White,Female,0,0,40,USA,<=50K
67,Private,231559,Prof-school,15,Married,Professionals,Husband,White,Male,20051,0,48,USA,>50K
58,Government,223214,HS-grad,9,Married,Other-service,Husband,White,Male,0,0,40,USA,<=50K
28,Private,167062,Some-college,10,Single,Administration,Unmarried,White,Male,0,0,40,USA,<=50K
34,Private,207668,Some-college,10,Married,Handlers,Husband,White,Male,0,1887,40,USA,>50K
22,Private,385540,10th,6,Single,Other-service,Not-in-family,White,Male,0,0,40,Mexico,<=50K
25,Government,261979,HS-grad,9,Single,Professionals,Not-in-family,White,Male,0,0,40,USA,<=50K
41,Private,173938,Prof-school,15,Married,Administration,Husband,White,Male,0,0,50,USA,>50K
40,Private,310101,Some-college,10,Single,Sales,Not-in-family,NativeAmerican,Female,0,0,40,USA,<=50K
57,Self_employment,180211,Prof-school,15,Married,Professionals,Husband,AsianIslander,Male,0,0,50,Taiwan,>50K
27,Private,114967,Bachelors,13,Single,TechSupport,Not-in-family,White,Male,0,0,40,USA,<=50K
40,Private,115932,Bachelors,13,Married,Professionals,Husband,White,Male,0,0,60,Ireland,>50K
40,Government,184378,Bachelors,13,Married,Administration,Husband,White,Male,0,0,40,USA,<=50K
29,Private,663394,HS-grad,9,Married,Farming,Husband,Black,Male,0,0,40,USA,<=50K
28,Private,125321,HS-grad,9,Single,MachineOper,Not-in-family,White,Female,0,0,40,USA,<=50K
53,Private,195813,5th-6th,3,Married,Repairing,Husband,Other,Male,5178,0,40,PuertoRico,>50K
43,Self_employment,152958,HS-grad,9,Married,Executive,Husband,White,Male,0,0,35,USA,>50K
33,Government,78307,Bachelors,13,Married,Professionals,Husband,White,Male,0,0,40,USA,<=50K
23,Private,54012,HS-grad,9,Married,Transportation,Husband,White,Male,0,0,60,USA,<=50K
26,Private,226288,Bachelors,13,Single,Administration,Not-in-family,White,Male,0,0,40,USA,<=50K
61,Private,139391,Some-college,10,Single,TechSupport,Own-child,White,Male,0,0,16,USA,<=50K
38,Government,462832,Some-college,10,Married,Executive,Wife,Black,Female,0,0,40,Tri&Tob,<=50K
57,Private,108741,HS-grad,9,Married,Executive,Wife,White,Female,0,0,40,USA,<=50K
59,Private,87510,HS-grad,9,Single,Repairing,Not-in-family,White,Male,0,0,40,USA,<=50K
53,Private,20438,Some-college,10,Single,Executive,Unmarried,NativeAmerican,Female,0,0,15,USA,<=50K
23,Private,245302,Some-college,10,Single,Sales,Own-child,Black,Female,0,0,40,USA,<=50K
42,Private,54202,Bachelors,13,Single,Sales,Not-in-family,White,Male,10520,0,50,USA,>50K
20,Private,406641,HS-grad,9,Single,Administration,Not-in-family,White,Female,0,0,30,USA,<=50K
28,Private,96226,HS-grad,9,Married,Repairing,Husband,White,Male,0,0,45,USA,<=50K
62,Private,29828,HS-grad,9,Married,Transportation,Husband,White,Male,0,0,40,USA,<=50K
31,Government,206297,HS-grad,9,Married,ProtectiveServ,Husband,White,Male,0,0,40,USA,>50K
19,Private,274657,5th-6th,3,Single,Other-service,Not-in-family,White,Male,0,0,50,Guatemala,<=50K
40,Private,26892,Bachelors,13,Married,Administration,Husband,White,Male,0,0,40,USA,>50K
22,Government,64292,Bachelors,13,Single,Professionals,Own-child,White,Female,0,0,43,USA,<=50K
19,Private,182609,HS-grad,9,Single,Other-service,Own-child,Black,Female,0,0,25,USA,<=50K
49,Self_employment,200471,HS-grad,9,Married,Repairing,Husband,White,Male,0,0,40,USA,<=50K
45,Private,154308,Masters,14,Married,Executive,Husband,Black,Male,0,0,40,USA,>50K
25,Private,130793,Some-college,10,Single,Other-service,Not-in-family,White,Male,0,0,30,USA,<=50K
53,Government,248834,Bachelors,13,Married,Professionals,Wife,White,Female,0,0,50,USA,>50K
34,Self_employment,209768,HS-grad,9,Married,Executive,Husband,White,Male,0,0,40,USA,<=50K
28,Private,224634,Bachelors,13,Married,Professionals,Wife,White,Female,0,0,45,USA,>50K
71,Private,137499,HS-grad,9,Single,Sales,Other-relative,White,Female,0,0,16,USA,<=50K
27,Private,39232,HS-grad,9,Married,Repairing,Husband,White,Male,0,0,40,USA,<=50K
24,Private,49218,HS-grad,9,Single,MachineOper,Not-in-family,White,Male,0,0,40,USA,<=50K
22,Private,59184,Assoc-acdm,12,Single,Administration,Not-in-family,White,Male,0,0,45,USA,<=50K
35,Private,174308,Some-college,10,Single,Transportation,Own-child,White,Male,0,0,40,USA,<=50K
22,Private,138504,Some-college,10,Single,Administration,Unmarried,Black,Female,0,0,30,USA,<=50K
29,Self_employment,187450,Bachelors,13,Married,Sales,Husband,White,Male,0,0,50,USA,>50K
28,Private,232782,Some-college,10,Single,Administration,Not-in-family,White,Female,0,0,40,USA,<=50K
25,Private,204338,HS-grad,9,Single,Farming,Unmarried,White,Male,0,0,30,USA,<=50K
40,Private,242521,Assoc-voc,11,Married,Repairing,Husband,White,Male,0,0,40,USA,>50K
66,Government,132055,HS-grad,9,Married,Executive,Husband,White,Male,0,1825,40,USA,>50K
64,Private,285052,Some-college,10,Single,Executive,Not-in-family,White,Female,0,0,10,USA,<=50K
35,Self_employment,153066,HS-grad,9,Married,Repairing,Husband,White,Male,0,0,60,USA,>50K
49,Private,93639,Bachelors,13,Married,Executive,Wife,White,Female,0,0,43,USA,<=50K
57,Private,141326,HS-grad,9,Married,Sales,Husband,White,Male,0,0,50,USA,>50K
40,Private,566537,Preschool,1,Married,Other-service,Husband,White,Male,0,1672,40,Mexico,<=50K
48,Private,185039,HS-grad,9,Single,Sales,Unmarried,White,Female,0,0,30,USA,<=50K
36,Private,257942,HS-grad,9,Married,Sales,Husband,White,Male,0,0,40,USA,<=50K
43,Private,101950,Bachelors,13,Single,Other-service,Not-in-family,White,Female,0,0,35,USA,<=50K
26,Private,179569,Some-college,10,Single,Administration,Not-in-family,White,Female,0,0,40,USA,<=50K
25,Private,252752,Some-college,10,Single,Transportation,Not-in-family,White,Female,0,0,45,USA,<=50K
19,Private,247679,HS-grad,9,Single,Repairing,Not-in-family,White,Male,0,0,45,USA,<=50K
39,Private,484475,11th,7,Single,Repairing,Not-in-family,Black,Male,0,0,40,USA,<=50K
41,Private,43945,7th-8th,4,Married,Repairing,Husband,White,Male,0,0,40,USA,<=50K
30,Private,30063,HS-grad,9,Single,Other-service,Unmarried,White,Female,0,0,32,USA,<=50K
48,Private,112860,10th,6,Married,TechSupport,Wife,Black,Female,0,0,35,USA,<=50K
47,Private,169092,Masters,14,Single,Professionals,Unmarried,White,Female,0,0,50,USA,>50K
64,Private,166715,Some-college,10,Married,Executive,Husband,White,Male,0,0,20,USA,<=50K
27,Government,206125,10th,6,Married,Repairing,Husband,White,Male,0,0,60,USA,<=50K
26,Private,189590,Bachelors,13,Single,Executive,Not-in-family,White,Male,0,0,40,USA,<=50K
34,Private,134737,Bachelors,13,Single,Sales,Own-child,White,Male,0,0,40,USA,>50K
58,Self_employment,349910,Prof-school,15,Married,Professionals,Husband,White,Male,0,1977,50,USA,>50K
37,Private,224566,HS-grad,9,Single,Repairing,Unmarried,White,Male,0,0,40,USA,<=50K
27,Private,330132,Bachelors,13,Married,TechSupport,Wife,White,Female,0,0,40,USA,>50K
67,Self_employment,157403,Prof-school,15,Married,Executive,Husband,White,Male,6418,0,10,USA,>50K
41,Private,247752,HS-grad,9,Married,Sales,Husband,White,Male,0,0,40,USA,<=50K
49,Government,105586,Assoc-voc,11,Married,Repairing,Husband,AsianIslander,Male,0,0,40,USA,>50K
22,Private,131230,Some-college,10,Single,Repairing,Own-child,White,Male,0,0,40,USA,<=50K
31,Private,319146,Assoc-voc,11,Married,Repairing,Husband,White,Male,4386,0,40,Mexico,>50K
31,Private,184889,HS-grad,9,Single,Other-service,Own-child,Black,Female,0,0,20,USA,<=50K
67,Self_employment,107138,Some-college,10,Married,Sales,Husband,White,Male,0,0,40,USA,<=50K
45,Private,341995,Assoc-voc,11,Married,Professionals,Husband,White,Male,0,1902,42,USA,>50K
69,Private,361561,Prof-school,15,Married,Professionals,Husband,White,Male,0,0,3,USA,<=50K
19,Government,234151,HS-grad,9,Single,Administration,Unmarried,Black,Female,0,0,40,USA,<=50K
43,Government,155106,Bachelors,13,Married,Handlers,Husband,White,Male,0,0,53,USA,<=50K
22,Government,164775,5th-6th,3,Single,Handlers,Other-relative,White,Male,0,0,40,Guatemala,>50K
32,Government,104509,HS-grad,9,Single,Other-service,Not-in-family,White,Female,0,0,25,USA,<=50K
49,Private,38563,Bachelors,13,Single,Executive,Not-in-family,White,Female,0,0,56,USA,>50K
60,Private,120163,Bachelors,13,Married,Professionals,Husband,White,Male,0,0,40,USA,<=50K
36,Private,186212,Assoc-acdm,12,Married,Repairing,Husband,White,Male,0,0,50,USA,<=50K
63,Private,206052,HS-grad,9,Married,Repairing,Husband,White,Male,0,0,40,USA,<=50K
31,Private,298995,HS-grad,9,Married,Other-service,Wife,Black,Female,0,0,35,USA,<=50K
28,Private,203776,10th,6,Married,Repairing,Husband,White,Male,0,0,50,USA,<=50K
35,Private,236910,Bachelors,13,Married,Executive,Husband,White,Male,0,0,60,USA,<=50K
42,Private,245317,10th,6,Married,Transportation,Husband,White,Male,0,0,50,USA,<=50K
27,Private,207611,HS-grad,9,Single,Other-service,Not-in-family,White,Female,0,0,52,USA,<=50K
31,Private,591711,Some-college,10,Married,Transportation,Not-in-family,Black,Male,0,0,40,USA,<=50K
36,Government,359249,Some-college,10,Single,Administration,Not-in-family,Black,Male,0,0,40,USA,<=50K
52,Private,193116,10th,6,Married,Transportation,Husband,White,Male,0,0,45,USA,<=50K
67,Private,188903,7th-8th,4,Married,HouseService,Husband,White,Male,2414,0,40,USA,<=50K
30,Without-pay,288419,5th-6th,3,Married,Farming,Husband,White,Male,0,0,40,Mexico,<=50K
46,Private,110171,Some-college,10,Married,Repairing,Husband,White,Male,7688,0,40,USA,>50K
25,Private,110138,HS-grad,9,Single,Other-service,Not-in-family,White,Male,0,0,40,USA,<=50K
34,Private,178615,HS-grad,9,Married,MachineOper,Husband,White,Male,0,0,40,USA,<=50K
19,Private,170800,Some-college,10,Single,Other-service,Own-child,White,Male,0,0,20,USA,<=50K
46,Private,283037,Bachelors,13,Married,Executive,Husband,White,Male,0,0,50,USA,>50K
38,Government,307404,Some-college,10,Single,Administration,Unmarried,White,Female,0,0,40,USA,<=50K
26,Private,197292,HS-grad,9,Single,Administration,Not-in-family,White,Female,0,0,50,USA,<=50K
40,Private,510072,Bachelors,13,Married,Sales,Husband,White,Male,0,0,55,USA,>50K
30,Private,130369,Assoc-voc,11,Single,Professionals,Unmarried,White,Female,0,0,40,USA,<=50K
57,Private,390856,5th-6th,3,Married,Farming,Husband,White,Male,0,0,45,Mexico,<=50K
45,Self_employment,328051,Masters,14,Single,Professionals,Not-in-family,White,Female,0,0,60,USA,<=50K
26,Government,220656,Bachelors,13,Single,Professionals,Own-child,Black,Male,0,0,38,England,<=50K
32,Private,134737,Bachelors,13,Married,Professionals,Husband,White,Male,99999,0,50,USA,>50K
66,Private,101607,HS-grad,9,Single,MachineOper,Not-in-family,White,Male,0,0,10,USA,<=50K
41,Private,220531,Doctorate,16,Married,Professionals,Husband,White,Male,0,0,50,USA,>50K
50,Private,147629,Masters,14,Married,Professionals,Husband,White,Male,15024,0,45,USA,>50K
20,Private,37932,HS-grad,9,Single,Other-service,Own-child,White,Male,0,0,50,USA,<=50K
33,Private,203463,HS-grad,9,Single,Other-service,Own-child,White,Female,0,0,40,USA,<=50K
24,Private,418405,HS-grad,9,Married,Repairing,Husband,White,Male,0,0,40,USA,<=50K
32,Private,235109,Some-college,10,Single,Administration,Unmarried,White,Female,0,0,40,USA,<=50K
52,Self_employment,189216,HS-grad,9,Single,Transportation,Not-in-family,White,Male,0,0,65,USA,<=50K
55,Self_employment,422249,HS-grad,9,Married,Repairing,Husband,White,Male,0,0,50,USA,<=50K
37,Private,136028,Assoc-voc,11,Married,Other-service,Husband,White,Male,0,0,40,USA,<=50K
39,Private,216129,Assoc-acdm,12,Single,Executive,Unmarried,Black,Female,0,0,35,Jamaica,<=50K
20,Government,125165,Some-college,10,Single,Administration,Own-child,White,Female,0,0,25,USA,<=50K
44,Private,32000,Some-college,10,Married,TechSupport,Husband,White,Male,0,0,18,USA,>50K
47,Government,160647,HS-grad,9,Single,Administration,Unmarried,White,Female,0,0,40,USA,<=50K
48,Self_employment,191389,Some-college,10,Single,Sales,Unmarried,White,Female,0,0,50,USA,<=50K
46,Private,358585,Some-college,10,Single,Repairing,Unmarried,White,Male,0,0,40,USA,>50K
67,Private,197865,Some-college,10,Single,Administration,Not-in-family,White,Female,0,0,40,USA,<=50K
38,Self_employment,159179,Prof-school,15,Married,Professionals,Husband,White,Male,0,0,45,USA,>50K
27,Private,271714,Some-college,10,Single,Other-service,Own-child,White,Female,0,0,30,USA,<=50K
30,Private,131588,HS-grad,9,Single,Repairing,Not-in-family,Black,Female,0,0,45,USA,<=50K
40,Private,32627,Masters,14,Married,Professionals,Husband,White,Male,0,0,60,USA,<=50K
40,Private,209040,HS-grad,9,Single,Other-service,Not-in-family,White,Male,0,0,40,USA,<=50K
46,Government,314770,Some-college,10,Single,Administration,Unmarried,White,Female,0,0,48,USA,<=50K
77,Private,142646,7th-8th,4,Single,HouseService,Unmarried,White,Female,0,0,23,USA,<=50K
41,Private,183105,HS-grad,9,Single,MachineOper,Unmarried,White,Female,0,0,44,Cuba,<=50K
19,Private,224241,Some-college,10,Single,Sales,Own-child,White,Female,0,0,20,USA,<=50K
25,Private,77071,Bachelors,13,Single,Professionals,Own-child,White,Female,0,2339,35,USA,<=50K
28,Private,69847,Bachelors,13,Single,Administration,Own-child,AsianIslander,Female,0,0,30,USA,<=50K
43,Self_employment,96129,11th,7,Married,Handlers,Husband,White,Male,0,0,60,USA,<=50K
45,Private,188386,HS-grad,9,Married,Handlers,Husband,White,Male,0,1628,45,USA,<=50K
25,Private,181528,Masters,14,Single,Executive,Not-in-family,White,Female,0,0,43,USA,<=50K
45,Private,306889,Bachelors,13,Married,Executive,Wife,White,Female,0,0,40,USA,>50K
22,Private,32616,Some-college,10,Single,Other-service,Not-in-family,White,Female,0,0,30,USA,<=50K
26,Government,386949,HS-grad,9,Single,Administration,Unmarried,White,Female,0,0,25,USA,<=50K
29,Private,194200,Some-college,10,Single,MachineOper,Own-child,White,Male,0,0,45,USA,<=50K
32,Private,732102,Bachelors,13,Single,Executive,Not-in-family,White,Male,0,0,40,USA,<=50K
31,Private,20511,Bachelors,13,Single,Other-service,Not-in-family,White,Female,0,0,25,USA,<=50K
38,Private,177154,HS-grad,9,Married,Other-service,Husband,White,Male,0,0,40,USA,<=50K
44,Private,216907,HS-grad,9,Single,Other-service,Not-in-family,White,Male,0,0,37,USA,<=50K
50,Private,166220,Assoc-acdm,12,Married,Sales,Wife,White,Female,3942,0,40,USA,<=50K
32,Self_employment,124052,HS-grad,9,Married,Sales,Husband,White,Male,0,0,50,USA,<=50K
34,Self_employment,200689,Bachelors,13,Single,Sales,Unmarried,White,Female,0,0,40,USA,<=50K
50,Private,256861,HS-grad,9,Married,Sales,Husband,White,Male,0,0,80,USA,<=50K
25,Private,73839,11th,7,Single,Sales,Own-child,White,Female,0,0,40,USA,<=50K
24,Private,233419,HS-grad,9,Single,Executive,Not-in-family,White,Female,0,0,40,USA,<=50K
41,Private,220694,Bachelors,13,Single,Other-service,Not-in-family,White,Male,0,0,37,USA,<=50K
48,Private,247895,Bachelors,13,Married,Executive,Husband,Black,Male,0,0,40,USA,>50K
43,Self_employment,34007,Bachelors,13,Married,Farming,Husband,White,Male,0,0,70,USA,>50K
34,Government,61431,12th,8,Single,Administration,Not-in-family,Black,Female,0,0,40,USA,<=50K
25,Private,220098,HS-grad,9,Single,Other-service,Own-child,White,Male,0,0,30,USA,<=50K
37,Private,340599,11th,7,Single,Other-service,Unmarried,Black,Female,0,0,40,USA,<=50K
37,Private,234807,Bachelors,13,Single,Executive,Unmarried,White,Female,7430,0,45,USA,>50K
50,Private,195298,Some-college,10,Married,Executive,Husband,White,Male,0,0,50,USA,>50K
39,Government,113253,Bachelors,13,Married,Professionals,Wife,White,Female,0,0,50,USA,>50K
52,Self_employment,159755,Assoc-voc,11,Married,Professionals,Husband,White,Male,0,0,50,USA,>50K
38,Private,69306,Some-college,10,Single,Repairing,Unmarried,White,Female,0,0,40,USA,<=50K
27,Private,175552,5th-6th,3,Married,Other-service,Wife,White,Female,0,0,40,Mexico,<=50K
24,Private,124971,HS-grad,9,Single,Sales,Not-in-family,White,Male,0,0,38,USA,<=50K
36,Government,147258,Some-college,10,Single,Transportation,Not-in-family,White,Male,0,0,60,USA,<=50K
30,Private,182833,Some-college,10,Single,Executive,Own-child,Black,Female,0,0,40,USA,<=50K
19,Private,236940,HS-grad,9,Single,Farming,Own-child,White,Male,0,0,40,USA,<=50K
37,Self_employment,298444,Masters,14,Married,Professionals,Husband,White,Male,0,0,40,USA,<=50K
51,Private,161482,HS-grad,9,Single,Other-service,Unmarried,White,Female,0,0,38,USA,<=50K
42,Private,367049,Masters,14,Single,Executive,Not-in-family,White,Female,4650,0,40,USA,<=50K
45,Government,102569,HS-grad,9,Married,Repairing,Husband,White,Male,0,0,40,USA,>50K
29,Self_employment,169662,HS-grad,9,Married,Repairing,Husband,White,Male,0,0,40,USA,<=50K
54,Private,200098,Bachelors,13,Single,Sales,Not-in-family,Black,Female,0,0,60,USA,<=50K
62,Government,144116,10th,6,Married,Transportation,Husband,White,Male,0,0,40,USA,<=50K
40,Private,77975,Some-college,10,Married,Executive,Husband,White,Male,0,0,40,USA,<=50K
49,Private,213431,HS-grad,9,Single,Professionals,Unmarried,Black,Female,0,0,40,USA,<=50K
26,Self_employment,233933,10th,6,Single,Professionals,Not-in-family,White,Female,0,0,32,USA,<=50K
20,Private,216436,Bachelors,13,Single,Sales,Other-relative,Black,Female,0,0,30,USA,<=50K
25,Private,476334,HS-grad,9,Married,Sales,Husband,White,Male,0,0,48,USA,<=50K
66,Self_employment,174788,Some-college,10,Single,Sales,Not-in-family,White,Female,0,0,20,USA,<=50K
33,Self_employment,62932,HS-grad,9,Married,Repairing,Husband,White,Male,0,0,40,USA,<=50K
31,Government,356689,Bachelors,13,Married,Professionals,Husband,White,Male,0,0,40,USA,<=50K
50,Private,166565,HS-grad,9,Married,MachineOper,Husband,White,Male,0,0,50,USA,<=50K
40,Private,91959,Bachelors,13,Married,Professionals,Husband,White,Male,0,0,46,USA,>50K
22,Private,235733,HS-grad,9,Single,Other-service,Not-in-family,White,Female,0,0,45,USA,<=50K
21,Private,126613,HS-grad,9,Single,Sales,Not-in-family,White,Female,0,0,40,USA,<=50K
35,Private,278403,Prof-school,15,Married,Professionals,Husband,White,Male,0,0,80,USA,>50K
60,Private,134152,9th,5,Single,Sales,Not-in-family,Black,Male,0,0,35,USA,<=50K
34,Self_employment,190290,HS-grad,9,Married,Repairing,Husband,White,Male,0,0,40,USA,>50K
58,Private,123436,Bachelors,13,Married,Executive,Husband,White,Male,7688,0,50,USA,>50K
48,Government,106377,Doctorate,16,Married,Professionals,Husband,White,Male,0,0,65,USA,>50K
29,Self_employment,162312,Some-college,10,Single,Executive,Own-child,AsianIslander,Male,0,0,45,SouthKorea,<=50K
34,Private,283921,HS-grad,9,Married,Transportation,Husband,White,Male,0,0,50,USA,<=50K
37,Self_employment,29814,HS-grad,9,Single,Farming,Unmarried,White,Male,0,0,50,USA,<=50K
25,Private,102460,Bachelors,13,Married,Executive,Husband,White,Male,0,0,40,USA,<=50K
62,Government,249078,Bachelors,13,Single,Professionals,Not-in-family,Black,Female,0,0,40,USA,<=50K
43,Private,238530,HS-grad,9,Married,Repairing,Husband,White,Male,0,0,40,USA,<=50K
56,Self_employment,67841,HS-grad,9,Married,Sales,Husband,White,Male,0,0,40,USA,<=50K
55,Private,249072,HS-grad,9,Married,Transportation,Husband,White,Male,0,0,60,USA,<=50K
26,Private,366219,HS-grad,9,Married,Repairing,Husband,Black,Male,0,1848,60,USA,>50K
54,Private,103345,Assoc-voc,11,Married,Executive,Husband,White,Male,0,0,40,USA,>50K
18,Private,156950,HS-grad,9,Single,Administration,Own-child,White,Male,0,0,35,USA,<=50K
78,Private,180239,Masters,14,Single,Repairing,Unmarried,AsianIslander,Male,0,0,40,SouthKorea,<=50K
46,Government,330901,Some-college,10,Married,Executive,Husband,Black,Male,0,0,40,USA,<=50K
55,Private,156797,Some-college,10,Single,MachineOper,Not-in-family,White,Female,0,0,40,USA,<=50K
24,Private,223515,HS-grad,9,Married,Repairing,Husband,White,Male,0,0,45,USA,<=50K
67,Private,180539,HS-grad,9,Married,Sales,Husband,White,Male,0,0,10,USA,<=50K
67,Self_employment,217892,Doctorate,16,Married,Professionals,Husband,White,Male,10605,0,35,USA,>50K
30,Private,162623,Bachelors,13,Single,Professionals,Not-in-family,White,Female,0,0,40,USA,<=50K
53,Government,118793,HS-grad,9,Married,ProtectiveServ,Husband,White,Male,0,0,40,USA,<=50K
44,Self_employment,78374,Masters,14,Single,Executive,Unmarried,AsianIslander,Female,0,0,40,USA,<=50K
39,Government,432555,HS-grad,9,Married,Administration,Husband,Black,Male,0,1628,40,USA,<=50K
76,Private,312500,5th-6th,3,Single,Sales,Unmarried,White,Female,0,0,40,USA,<=50K
55,Government,321333,Some-college,10,Married,Administration,Husband,White,Male,0,0,40,USA,>50K
28,Self_employment,51461,HS-grad,9,Married,Farming,Husband,White,Male,0,0,40,USA,<=50K
27,Private,291547,Bachelors,13,Married,MachineOper,Not-in-family,Other,Female,0,0,6,Mexico,<=50K
66,Private,126511,Some-college,10,Married,Executive,Husband,White,Male,0,0,45,USA,<=50K
41,Private,223548,1st-4th,2,Married,MachineOper,Husband,White,Male,0,0,40,Mexico,<=50K
30,Private,316606,Bachelors,13,Married,Other-service,Wife,White,Female,0,0,40,USA,<=50K
60,Self_employment,153072,HS-grad,9,Married,Executive,Husband,White,Male,0,0,5,USA,<=50K
35,Self_employment,198841,Prof-school,15,Married,Professionals,Husband,White,Male,0,0,50,USA,>50K
23,Private,215616,HS-grad,9,Single,Professionals,Not-in-family,White,Female,0,0,40,Canada,<=50K
38,Private,189916,Some-college,10,Married,Sales,Wife,White,Female,0,0,40,USA,<=50K
64,Private,216208,Some-college,10,Single,Sales,Not-in-family,White,Female,0,0,40,USA,<=50K
73,Private,267408,HS-grad,9,Single,Sales,Other-relative,White,Female,0,0,15,USA,<=50K
45,Government,98524,Assoc-acdm,12,Married,Administration,Husband,White,Male,0,0,40,USA,>50K
27,Private,87006,Some-college,10,Married,Administration,Wife,White,Female,0,1579,40,USA,<=50K
27,Self_employment,206889,Some-college,10,Married,Farming,Husband,White,Male,0,0,50,USA,<=50K
23,Private,224640,Some-college,10,Single,Executive,Not-in-family,White,Female,0,0,40,USA,<=50K
27,Private,105817,Bachelors,13,Single,Repairing,Not-in-family,White,Male,0,0,45,USA,<=50K
31,Private,241885,HS-grad,9,Married,Other-service,Husband,White,Male,0,0,40,USA,<=50K
21,Private,102766,Some-college,10,Single,Repairing,Own-child,White,Male,0,0,40,USA,<=50K
58,Private,105060,Some-college,10,Single,Administration,Not-in-family,Black,Female,0,0,37,USA,<=50K
24,Private,263498,11th,7,Single,Repairing,Not-in-family,White,Male,0,0,40,USA,<=50K
24,Private,329530,9th,5,Married,Sales,Husband,White,Male,0,0,45,Mexico,<=50K
20,Private,229414,HS-grad,9,Single,MachineOper,Own-child,White,Female,0,0,30,USA,<=50K
19,Private,116562,HS-grad,9,Single,Other-service,Own-child,White,Female,0,0,40,USA,<=50K
36,Government,243666,HS-grad,9,Single,Administration,Own-child,Black,Female,0,0,40,USA,<=50K
38,Private,181705,HS-grad,9,Married,Repairing,Husband,White,Male,0,0,24,USA,<=50K
25,Private,267044,Some-college,10,Single,Administration,Not-in-family,NativeAmerican,Female,0,0,20,USA,<=50K
42,Self_employment,99185,Some-college,10,Married,Executive,Husband,White,Male,0,0,40,USA,>50K
38,Private,119992,Some-college,10,Married,Professionals,Husband,White,Male,0,0,40,USA,<=50K
28,Private,129624,HS-grad,9,Single,Handlers,Not-in-family,White,Male,0,0,40,USA,<=50K
26,Private,292692,12th,8,Single,Repairing,Not-in-family,White,Male,0,0,40,Mexico,<=50K
17,Private,218124,11th,7,Single,Sales,Own-child,White,Female,0,0,20,USA,<=50K
45,Self_employment,180239,Prof-school,15,Married,Executive,Husband,AsianIslander,Male,7688,0,40,USA,>50K
39,Private,509060,Some-college,10,Single,Other-service,Not-in-family,White,Male,0,0,40,USA,<=50K
50,Private,30447,Assoc-voc,11,Married,Transportation,Husband,White,Male,0,0,45,USA,<=50K
46,Private,324601,1st-4th,2,Single,MachineOper,Own-child,White,Female,0,0,40,Guatemala,<=50K
61,Private,187636,Bachelors,13,Single,Executive,Unmarried,White,Female,0,0,40,USA,<=50K
24,Government,231473,Assoc-acdm,12,Married,Administration,Husband,White,Male,0,0,30,USA,<=50K
55,Self_employment,161334,HS-grad,9,Single,Other-service,Not-in-family,White,Female,0,0,25,Nicaragua,<=50K
36,Self_employment,186035,Prof-school,15,Married,Sales,Husband,White,Male,0,0,30,USA,>50K
33,Private,268127,HS-grad,9,Single,Other-service,Unmarried,Black,Female,0,0,40,USA,<=50K
35,Private,154410,HS-grad,9,Single,Handlers,Not-in-family,White,Male,0,0,40,USA,<=50K
55,Private,238638,HS-grad,9,Married,Sales,Husband,White,Male,4386,0,40,USA,>50K
52,Government,104280,Some-college,10,Married,TechSupport,Husband,White,Male,0,0,50,USA,<=50K
61,Private,97030,Some-college,10,Single,Other-service,Not-in-family,White,Female,0,0,30,USA,<=50K
53,Private,266529,Assoc-voc,11,Married,Executive,Husband,White,Male,0,0,40,USA,>50K
45,Private,199832,Bachelors,13,Married,Administration,Husband,White,Male,0,0,15,USA,<=50K
38,Private,187264,HS-grad,9,Married,Executive,Wife,White,Female,0,0,55,USA,<=50K
48,Private,166929,Bachelors,13,Married,Administration,Husband,White,Male,0,0,45,USA,>50K
71,Private,187493,HS-grad,9,Married,ProtectiveServ,Husband,White,Male,0,0,40,USA,>50K
32,Self_employment,267161,Bachelors,13,Single,Executive,Unmarried,Black,Female,0,0,30,USA,<=50K
33,Private,219034,11th,7,Single,Sales,Not-in-family,White,Female,0,0,40,USA,<=50K
28,Private,273929,HS-grad,9,Married,Sales,Husband,White,Male,0,1628,60,USA,<=50K
27,Private,214858,HS-grad,9,Married,Other-service,Own-child,White,Male,0,0,40,USA,<=50K
37,Private,312271,Masters,14,Single,Executive,Not-in-family,White,Male,0,0,65,USA,<=50K
61,Private,147280,Masters,14,Married,Executive,Husband,White,Male,0,0,60,USA,>50K
66,Private,151793,7th-8th,4,Single,Other-service,Not-in-family,Black,Female,0,0,10,USA,<=50K
60,Self_employment,89884,HS-grad,9,Married,Sales,Husband,White,Male,0,0,50,USA,<=50K
41,Private,282948,Some-college,10,Married,TechSupport,Husband,Black,Male,3137,0,40,USA,<=50K
56,Self_employment,656036,HS-grad,9,Married,Executive,Husband,White,Male,0,0,25,USA,<=50K
28,Self_employment,96219,Bachelors,13,Married,Sales,Wife,White,Female,0,0,5,USA,<=50K
35,Private,160120,Bachelors,13,Married,Administration,Husband,AsianIslander,Male,0,0,40,Philippines,>50K
31,Private,289731,Some-college,10,Married,Repairing,Husband,White,Male,0,0,40,USA,<=50K
21,Private,163870,Some-college,10,Single,Handlers,Own-child,White,Male,0,0,30,USA,<=50K
68,Private,128472,Doctorate,16,Married,Professionals,Husband,White,Male,0,0,55,USA,>50K
27,Private,213921,HS-grad,9,Single,Other-service,Own-child,White,Male,0,0,40,Mexico,<=50K
62,Private,211035,Bachelors,13,Married,Administration,Wife,White,Female,0,0,30,USA,>50K
21,Private,116489,Some-college,10,Single,Sales,Own-child,White,Female,0,0,60,USA,<=50K
21,Private,146499,Assoc-voc,11,Married,Administration,Other-relative,White,Female,0,1579,40,USA,<=50K
38,Government,216129,Some-college,10,Married,Executive,Unmarried,Black,Female,0,0,35,USA,<=50K
36,Private,194905,Bachelors,13,Single,Professionals,Unmarried,White,Female,0,0,44,USA,<=50K
41,Private,279297,HS-grad,9,Single,Sales,Not-in-family,Black,Female,0,0,60,USA,<=50K
38,Private,196123,HS-grad,9,Married,Repairing,Husband,White,Male,0,0,50,USA,<=50K
26,Private,224361,HS-grad,9,Single,Executive,Not-in-family,White,Male,0,0,40,USA,<=50K
34,Private,157747,Bachelors,13,Married,Executive,Husband,White,Male,0,0,40,USA,>50K
27,Government,105189,HS-grad,9,Single,Administration,Not-in-family,White,Male,4865,0,50,USA,<=50K
45,Private,88500,Some-college,10,Married,MachineOper,Husband,White,Male,0,0,44,USA,>50K
41,Private,266510,HS-grad,9,Single,Other-service,Own-child,White,Male,0,0,40,USA,<=50K
55,Private,175942,HS-grad,9,Single,HouseService,Not-in-family,White,Female,0,0,40,France,<=50K
22,Private,178390,HS-grad,9,Single,Handlers,Own-child,White,Male,0,0,40,USA,<=50K
21,Private,117606,Some-college,10,Single,Professionals,Not-in-family,White,Female,0,0,40,USA,<=50K
51,Private,194908,HS-grad,9,Married,Administration,Wife,White,Female,0,0,40,USA,<=50K
22,Private,376277,Some-college,10,Single,Administration,Not-in-family,White,Female,0,0,35,USA,<=50K
36,Private,173542,Bachelors,13,Married,Professionals,Husband,White,Male,0,0,40,USA,>50K
25,Private,69413,Some-college,10,Single,Sales,Own-child,White,Female,0,0,40,USA,<=50K
33,Private,182771,Bachelors,13,Single,Sales,Own-child,AsianIslander,Male,0,0,80,Philippines,<=50K
63,Government,150079,HS-grad,9,Married,Administration,Wife,White,Female,0,0,35,USA,>50K
43,Private,336513,Some-college,10,Married,Executive,Husband,White,Male,0,1902,40,USA,>50K
74,Private,91488,1st-4th,2,Married,Transportation,Husband,Black,Male,0,0,20,USA,<=50K
57,Private,300104,5th-6th,3,Married,Farming,Husband,White,Male,7298,0,84,USA,>50K
35,Private,143589,Bachelors,13,Married,Professionals,Not-in-family,AsianIslander,Female,0,0,40,Philippines,<=50K
59,Private,214865,HS-grad,9,Single,Executive,Unmarried,White,Female,0,0,50,USA,<=50K
33,Private,162312,HS-grad,9,Single,Sales,Not-in-family,AsianIslander,Male,0,0,45,Japan,<=50K
41,Private,171351,Some-college,10,Married,Repairing,Husband,White,Male,0,0,40,USA,<=50K
45,Government,55377,Bachelors,13,Married,Professionals,Husband,Black,Male,0,0,40,USA,<=50K
32,Self_employment,108467,Bachelors,13,Single,Executive,Not-in-family,White,Male,0,0,55,USA,<=50K
40,Government,244522,Masters,14,Married,Professionals,Husband,White,Male,0,1902,48,USA,>50K
31,Private,192900,Some-college,10,Single,Other-service,Not-in-family,White,Male,0,0,40,USA,<=50K
34,Private,82938,HS-grad,9,Married,Farming,Husband,White,Male,0,0,50,USA,<=50K
45,Private,204205,7th-8th,4,Single,MachineOper,Not-in-family,White,Male,0,0,48,USA,<=50K
51,Private,231181,Some-college,10,Single,MachineOper,Not-in-family,White,Male,0,0,21,USA,<=50K
49,Private,123207,HS-grad,9,Single,Administration,Not-in-family,White,Female,0,0,44,USA,<=50K
36,Private,139364,Bachelors,13,Married,Sales,Husband,White,Male,0,0,50,USA,>50K
51,Government,101119,HS-grad,9,Married,ProtectiveServ,Husband,White,Male,0,0,70,USA,<=50K
23,Private,233626,Bachelors,13,Single,Sales,Not-in-family,White,Male,0,0,25,USA,<=50K
31,Government,203488,Assoc-acdm,12,Single,Administration,Not-in-family,White,Male,0,0,40,USA,<=50K
82,Self_employment,130329,7th-8th,4,Married,Farming,Husband,White,Male,0,0,50,USA,<=50K
33,Private,31481,Bachelors,13,Married,Other-service,Unmarried,White,Female,0,0,24,USA,<=50K
38,Private,33105,Bachelors,13,Married,Professionals,Husband,NativeAmerican,Male,0,0,70,USA,>50K
30,Private,173005,HS-grad,9,Married,Administration,Husband,White,Male,0,0,44,USA,<=50K
54,Government,119565,Bachelors,13,Married,Executive,Husband,White,Male,0,0,40,PuertoRico,>50K
27,Private,126060,HS-grad,9,Single,Executive,Not-in-family,White,Female,0,0,40,USA,<=50K
38,Private,86551,Bachelors,13,Single,Sales,Not-in-family,White,Male,0,0,48,USA,>50K
26,Private,34402,Bachelors,13,Single,Administration,Not-in-family,White,Male,0,0,45,USA,<=50K
54,Private,53833,5th-6th,3,Married,Transportation,Husband,White,Male,0,0,40,USA,>50K
50,Government,120190,Masters,14,Single,Professionals,Not-in-family,White,Female,0,0,45,USA,<=50K
45,Self_employment,177543,HS-grad,9,Married,Sales,Wife,White,Female,0,0,50,USA,<=50K
26,Private,150361,Bachelors,13,Single,Professionals,Not-in-family,White,Female,0,0,40,USA,<=50K
46,Private,57914,HS-grad,9,Married,ProtectiveServ,Husband,White,Male,0,0,40,USA,<=50K
35,Private,120074,HS-grad,9,Married,Sales,Husband,White,Male,0,0,30,USA,<=50K
63,Self_employment,125178,Bachelors,13,Married,Professionals,Husband,White,Male,0,0,40,USA,>50K
20,Private,84726,Some-college,10,Single,TechSupport,Not-in-family,White,Female,0,0,40,USA,<=50K
59,Government,147989,HS-grad,9,Single,Administration,Not-in-family,White,Female,0,0,35,USA,<=50K
49,Private,87928,Assoc-voc,11,Married,Repairing,Husband,White,Male,5013,0,40,USA,<=50K
20,Without-pay,84375,HS-grad,9,Married,Farming,Wife,White,Female,0,0,45,USA,<=50K
58,Private,151910,HS-grad,9,Single,Administration,Unmarried,White,Female,0,0,40,USA,<=50K
24,Private,117583,Bachelors,13,Single,Executive,Own-child,White,Male,0,0,48,USA,<=50K
50,Private,173630,HS-grad,9,Married,Farming,Husband,White,Male,0,0,35,USA,<=50K
20,Private,161092,Some-college,10,Single,Handlers,Own-child,White,Male,0,0,40,USA,<=50K
47,Private,95680,Some-college,10,Married,Executive,Husband,AsianIslander,Male,0,0,40,USA,<=50K
57,Government,39380,HS-grad,9,Single,Other-service,Not-in-family,White,Female,0,0,35,USA,<=50K
56,Private,147989,Some-college,10,Married,Transportation,Not-in-family,White,Male,0,0,40,USA,<=50K
29,Private,114158,Some-college,10,Single,Professionals,Not-in-family,White,Female,0,0,40,USA,<=50K
39,Self_employment,194668,HS-grad,9,Married,Executive,Husband,White,Male,0,0,16,USA,<=50K
39,Private,186130,Prof-school,15,Married,Executive,Husband,White,Male,0,0,55,USA,>50K
53,Self_employment,187830,Assoc-voc,11,Single,Repairing,Not-in-family,White,Male,0,0,40,Poland,<=50K
42,Private,255667,Some-college,10,Married,Repairing,Husband,White,Male,0,0,50,USA,>50K
31,Private,51471,HS-grad,9,Single,Administration,Unmarried,White,Female,0,0,38,USA,<=50K
21,Private,72593,HS-grad,9,Single,Other-service,Own-child,White,Male,0,0,40,USA,<=50K
32,Private,110331,HS-grad,9,Married,Executive,Husband,White,Male,0,1672,60,USA,<=50K
61,Private,54373,Some-college,10,Married,Sales,Husband,White,Male,0,0,40,USA,<=50K
25,Private,391591,12th,8,Single,Repairing,Not-in-family,White,Male,0,0,40,USA,<=50K
34,Private,228873,Doctorate,16,Married,Professionals,Husband,White,Male,0,0,45,USA,>50K
36,Private,605502,10th,6,Single,Transportation,Not-in-family,Black,Female,0,0,40,USA,<=50K
36,Private,272950,Some-college,10,Single,Sales,Not-in-family,White,Male,0,0,50,USA,<=50K
19,Private,45766,Some-college,10,Single,Handlers,Not-in-family,White,Male,0,0,45,USA,<=50K
56,Private,32446,Some-college,10,Married,Repairing,Husband,White,Male,0,0,40,USA,>50K
30,Private,156890,HS-grad,9,Married,MachineOper,Husband,White,Male,0,0,45,USA,<=50K
42,Private,225193,HS-grad,9,Married,Repairing,Husband,White,Male,0,0,40,USA,<=50K
61,Private,355645,HS-grad,9,Married,Sales,Husband,Black,Male,0,0,40,USA,<=50K
50,Government,234143,Masters,14,Married,Executive,Husband,Black,Male,0,0,45,USA,>50K
58,Government,110199,7th-8th,4,Married,Transportation,Husband,White,Male,0,0,40,USA,<=50K
58,Private,317479,HS-grad,9,Single,MachineOper,Not-in-family,Black,Female,0,0,40,USA,<=50K
57,Private,94429,HS-grad,9,Married,Handlers,Husband,White,Male,0,0,40,USA,<=50K
43,Self_employment,33729,Bachelors,13,Married,Sales,Husband,White,Male,0,0,45,USA,>50K
62,Government,39630,Bachelors,13,Married,Professionals,Husband,White,Male,0,0,40,USA,<=50K
46,Self_employment,276934,Bachelors,13,Married,Sales,Husband,White,Male,0,0,70,USA,>50K
39,Private,103986,HS-grad,9,Single,Other-service,Not-in-family,White,Male,0,1590,40,USA,<=50K
37,Private,301568,12th,8,Single,Other-service,Own-child,White,Female,0,0,40,USA,<=50K
67,Government,258973,HS-grad,9,Single,Other-service,Not-in-family,White,Female,0,0,24,USA,<=50K
22,Private,399087,5th-6th,3,Married,MachineOper,Other-relative,White,Female,0,0,40,Mexico,<=50K
24,Self_employment,322931,7th-8th,4,Married,Transportation,Husband,White,Male,0,1902,40,USA,>50K
51,Private,126010,HS-grad,9,Married,Repairing,Husband,White,Male,0,0,40,USA,<=50K
26,Self_employment,224361,7th-8th,4,Married,Transportation,Husband,White,Male,0,0,75,USA,<=50K
47,Private,101299,HS-grad,9,Married,Repairing,Husband,White,Male,0,0,40,USA,<=50K
33,Self_employment,203784,Assoc-voc,11,Married,Farming,Husband,White,Male,0,0,62,USA,<=50K
32,Private,226883,HS-grad,9,Married,Repairing,Husband,White,Male,0,0,40,Germany,<=50K
50,Private,305147,Bachelors,13,Married,Repairing,Husband,White,Male,0,0,40,USA,<=50K
29,Private,86613,1st-4th,2,Single,Other-service,Not-in-family,White,Male,0,0,20,El-Salvador,<=50K
56,Private,365050,7th-8th,4,Single,Farming,Unmarried,Black,Female,0,0,20,USA,<=50K
26,Private,229613,HS-grad,9,Single,MachineOper,Not-in-family,White,Female,0,0,40,USA,<=50K
37,Private,236359,Some-college,10,Single,Administration,Not-in-family,Black,Female,0,0,37,USA,<=50K
24,Private,195808,Some-college,10,Single,MachineOper,Own-child,White,Male,0,0,40,USA,<=50K
41,Government,89172,Some-college,10,Married,Farming,Husband,White,Male,0,0,40,USA,>50K
29,Private,157612,Bachelors,13,Single,Sales,Not-in-family,White,Female,3325,0,45,USA,<=50K
23,Private,162228,Bachelors,13,Single,Sales,Not-in-family,White,Male,0,0,48,USA,<=50K
31,Private,193231,Bachelors,13,Single,TechSupport,Not-in-family,White,Male,3325,0,60,USA,<=50K
65,Government,293385,Preschool,1,Married,Farming,Husband,Black,Male,0,0,30,USA,<=50K
50,Private,240496,Some-college,10,Single,TechSupport,Not-in-family,White,Female,0,0,36,USA,<=50K
70,Government,345339,Bachelors,13,Single,Executive,Not-in-family,White,Male,0,0,40,USA,<=50K
35,Private,219546,Some-college,10,Single,Repairing,Not-in-family,White,Male,0,0,45,Germany,<=50K
24,Private,180060,Assoc-acdm,12,Single,Repairing,Not-in-family,White,Male,2354,0,40,USA,<=50K
38,Government,214542,Some-college,10,Single,Handlers,Unmarried,Black,Female,0,0,40,USA,<=50K
22,Private,183083,Some-college,10,Single,MachineOper,Not-in-family,White,Female,0,0,35,USA,<=50K
37,Private,193855,HS-grad,9,Married,Repairing,Husband,White,Male,0,1902,50,USA,<=50K
30,Private,209691,7th-8th,4,Single,Transportation,Not-in-family,White,Male,0,0,40,USA,<=50K
31,Private,106347,11th,7,Single,Other-service,Not-in-family,Black,Female,0,0,42,USA,<=50K
28,Private,119793,Some-college,10,Single,Administration,Own-child,White,Male,0,0,40,USA,<=50K
27,Private,113054,HS-grad,9,Single,MachineOper,Not-in-family,White,Male,0,0,43,USA,<=50K
25,Private,148460,HS-grad,9,Single,Administration,Own-child,Black,Female,4416,0,40,PuertoRico,<=50K
35,Private,188041,Some-college,10,Married,Executive,Husband,White,Male,0,0,50,USA,<=50K
44,Self_employment,402397,Masters,14,Married,Executive,Wife,White,Female,0,1902,60,USA,>50K
37,Self_employment,51264,Assoc-voc,11,Married,Sales,Husband,White,Male,0,0,40,USA,>50K
63,Private,102412,HS-grad,9,Single,Sales,Not-in-family,White,Female,0,0,40,USA,<=50K
17,Government,179319,10th,6,Single,Other-service,Own-child,White,Male,0,0,30,USA,<=50K
28,Private,204600,HS-grad,9,Single,ProtectiveServ,Other-relative,White,Male,0,0,40,USA,<=50K
37,Private,80638,Bachelors,13,Married,Other-service,Husband,AsianIslander,Male,0,0,30,China,<=50K
47,Private,144351,Bachelors,13,Married,Executive,Husband,White,Male,0,0,45,USA,>50K
35,Self_employment,278557,HS-grad,9,Married,Farming,Husband,White,Male,0,0,30,USA,<=50K
47,Private,176239,Some-college,10,Single,Professionals,Unmarried,White,Female,0,0,40,USA,<=50K
34,Private,179877,Some-college,10,Married,MachineOper,Husband,White,Male,0,0,40,USA,>50K
51,Self_employment,313702,HS-grad,9,Single,Sales,Not-in-family,White,Male,0,0,40,USA,<=50K
40,Government,166327,Some-college,10,Single,Administration,Not-in-family,Black,Female,0,0,35,USA,<=50K
34,Private,219619,HS-grad,9,Single,Handlers,Not-in-family,White,Male,0,0,40,USA,<=50K
30,Self_employment,65278,Assoc-acdm,12,Single,Repairing,Own-child,White,Male,0,0,40,USA,<=50K
69,Private,88566,9th,5,Married,Other-service,Husband,White,Male,1424,0,35,USA,<=50K
53,Private,260106,HS-grad,9,Single,Sales,Not-in-family,White,Female,0,0,30,USA,<=50K
55,Private,271710,Some-college,10,Single,Administration,Not-in-family,White,Male,0,0,45,USA,<=50K
60,Private,74243,Assoc-voc,11,Single,Repairing,Not-in-family,White,Female,0,0,30,USA,<=50K
29,Private,57423,Assoc-voc,11,Married,MachineOper,Husband,White,Male,0,0,48,USA,<=50K
41,Government,371382,Some-college,10,Married,Executive,Husband,Black,Male,0,0,40,USA,>50K
34,Private,318641,Bachelors,13,Married,Executive,Husband,Black,Male,0,0,45,USA,>50K
39,Private,278187,HS-grad,9,Married,MachineOper,Husband,White,Male,0,0,40,USA,<=50K
40,Private,163434,HS-grad,9,Single,Repairing,Not-in-family,White,Male,0,0,50,USA,<=50K
30,Private,164190,HS-grad,9,Single,Administration,Not-in-family,White,Male,0,0,38,USA,<=50K
50,Self_employment,251240,Masters,14,Married,Sales,Husband,White,Male,0,0,40,USA,>50K
32,Private,176185,Some-college,10,Single,Executive,Other-relative,White,Male,0,0,60,USA,<=50K
42,Self_employment,196514,Some-college,10,Single,Professionals,Not-in-family,White,Male,0,0,40,USA,<=50K
54,Government,31533,Masters,14,Married,Administration,Husband,White,Male,7298,0,40,USA,>50K
35,Private,335777,Some-college,10,Single,Executive,Not-in-family,White,Male,0,0,40,Mexico,<=50K
43,Private,118536,HS-grad,9,Single,MachineOper,Other-relative,Black,Male,0,0,40,USA,<=50K
60,Government,138502,Bachelors,13,Married,ProtectiveServ,Husband,White,Male,7298,0,48,USA,>50K
25,Private,176729,Bachelors,13,Married,Repairing,Husband,White,Male,0,0,60,USA,>50K
22,Private,167787,HS-grad,9,Single,Other-service,Not-in-family,White,Female,0,0,40,USA,<=50K
55,Private,240988,9th,5,Married,MachineOper,Other-relative,AsianIslander,Male,0,0,40,Philippines,<=50K
30,Self_employment,172748,7th-8th,4,Single,Repairing,Own-child,White,Male,0,0,40,USA,<=50K
57,Private,133902,HS-grad,9,Single,Executive,Unmarried,White,Female,0,0,45,USA,<=50K
23,Private,240160,Assoc-acdm,12,Single,Professionals,Own-child,White,Male,0,0,40,USA,<=50K
33,Government,200289,Masters,14,Married,Professionals,Husband,AsianIslander,Male,0,0,19,India,<=50K
65,Self_employment,184965,Doctorate,16,Married,Executive,Husband,White,Male,99999,0,40,USA,>50K
21,Government,110946,HS-grad,9,Single,Administration,Own-child,White,Female,0,0,43,USA,<=50K
66,Government,168071,HS-grad,9,Married,ProtectiveServ,Husband,White,Male,0,0,30,USA,<=50K
43,Private,87284,Some-college,10,Single,Handlers,Not-in-family,White,Male,0,0,40,USA,<=50K
19,Private,220001,Some-college,10,Single,Farming,Own-child,White,Male,0,0,50,USA,<=50K
26,Government,192213,Masters,14,Single,Professionals,Not-in-family,White,Female,0,0,40,Canada,<=50K
51,Government,133336,Masters,14,Married,Professionals,Husband,White,Male,15024,0,40,USA,>50K
17,Private,146268,10th,6,Single,Other-service,Own-child,White,Female,0,0,10,USA,<=50K
31,Private,198953,Some-college,10,Single,Administration,Unmarried,Black,Female,0,0,38,USA,<=50K
47,Private,248059,Some-college,10,Married,Other-service,Husband,White,Male,0,0,47,USA,>50K
18,Private,444607,Some-college,10,Single,Sales,Own-child,White,Female,0,0,25,USA,<=50K
53,Private,154891,9th,5,Married,Transportation,Husband,White,Male,0,0,40,USA,<=50K
52,Private,105428,Some-college,10,Married,MachineOper,Husband,White,Male,0,0,12,USA,<=50K
33,Private,200246,Some-college,10,Married,Professionals,Not-in-family,White,Male,0,0,40,USA,<=50K
24,Private,283613,Bachelors,13,Single,Professionals,Not-in-family,White,Male,0,0,43,USA,<=50K
36,Private,117312,Assoc-acdm,12,Single,TechSupport,Not-in-family,White,Female,0,0,60,USA,<=50K
37,Government,187046,Some-college,10,Married,Professionals,Husband,White,Male,0,0,40,USA,>50K
50,Private,378747,HS-grad,9,Married,Transportation,Husband,Black,Male,0,0,40,USA,<=50K
47,Private,122026,Assoc-voc,11,Single,Sales,Not-in-family,White,Male,0,0,50,USA,<=50K
18,Government,151463,11th,7,Single,ProtectiveServ,Other-relative,White,Male,0,0,7,USA,<=50K
39,Private,435638,Some-college,10,Single,MachineOper,Not-in-family,White,Male,0,0,40,USA,<=50K
38,Private,278253,HS-grad,9,Single,Administration,Unmarried,White,Female,0,0,48,USA,<=50K
28,Private,61435,HS-grad,9,Married,Repairing,Husband,White,Male,0,0,45,USA,<=50K
25,Private,289980,HS-grad,9,Single,Handlers,Not-in-family,White,Male,0,0,35,USA,<=50K
48,Without-pay,184682,HS-grad,9,Single,Farming,Own-child,White,Female,0,0,18,USA,<=50K
38,Private,175360,10th,6,Single,Professionals,Not-in-family,White,Male,0,2559,90,USA,>50K
48,Private,182211,HS-grad,9,Married,Repairing,Husband,White,Male,0,0,44,USA,>50K
48,Private,25468,Masters,14,Single,Executive,Not-in-family,White,Male,99999,0,50,USA,>50K
62,Government,221558,Masters,14,Single,Professionals,Unmarried,White,Female,0,0,24,USA,<=50K
42,Private,201732,Some-college,10,Married,Sales,Husband,White,Male,0,0,40,USA,>50K
20,Private,298635,Some-college,10,Single,Sales,Own-child,AsianIslander,Male,0,0,30,Philippines,<=50K
30,Private,159303,Bachelors,13,Married,Professionals,Wife,White,Female,0,0,4,USA,<=50K
49,Private,153536,Some-college,10,Single,Professionals,Not-in-family,White,Male,14084,0,44,USA,>50K
30,Private,39054,HS-grad,9,Married,Executive,Husband,White,Male,0,0,65,USA,>50K
40,Private,198452,11th,7,Married,Farming,Husband,White,Male,0,0,40,USA,<=50K
42,Private,261929,Bachelors,13,Married,Executive,Husband,White,Male,7688,0,40,USA,>50K
43,Government,115562,HS-grad,9,Married,MachineOper,Husband,White,Male,0,0,40,USA,<=50K
19,Self_employment,100999,11th,7,Single,Administration,Own-child,White,Female,0,0,30,USA,<=50K
28,Self_employment,113870,Bachelors,13,Married,Executive,Husband,White,Male,0,0,60,USA,>50K
18,Private,46247,Some-college,10,Single,Other-service,Own-child,White,Female,0,0,15,USA,<=50K
26,Self_employment,68729,HS-grad,9,Single,Sales,Other-relative,AsianIslander,Male,0,0,50,USA,>50K
54,Private,186117,Bachelors,13,Married,Repairing,Husband,White,Male,0,0,45,USA,>50K
56,Private,298695,7th-8th,4,Married,MachineOper,Husband,White,Male,0,0,48,USA,<=50K
42,Private,340885,HS-grad,9,Single,Farming,Not-in-family,White,Male,0,0,44,USA,<=50K
57,Private,70720,HS-grad,9,Married,Other-service,Husband,White,Male,0,0,78,USA,<=50K
48,Private,95661,Some-college,10,Single,Administration,Not-in-family,White,Female,0,0,43,USA,<=50K
34,Government,240252,Masters,14,Married,Executive,Husband,White,Male,0,0,40,USA,>50K
21,Private,372636,HS-grad,9,Single,Sales,Own-child,Black,Male,0,0,40,USA,<=50K
42,Private,93770,HS-grad,9,Married,MachineOper,Wife,White,Female,0,0,40,USA,>50K
50,Self_employment,190333,Prof-school,15,Married,Professionals,Husband,White,Male,99999,0,55,USA,>50K
42,Private,70055,11th,7,Married,Transportation,Husband,White,Male,0,0,45,USA,<=50K
33,Private,25610,Assoc-acdm,12,Married,Sales,Husband,Other,Male,0,0,40,Japan,>50K
32,Self_employment,275094,Bachelors,13,Married,Sales,Husband,White,Male,7688,0,55,Mexico,>50K
37,Private,34378,1st-4th,2,Single,Other-service,Not-in-family,White,Male,0,0,40,USA,<=50K
44,Private,175943,Bachelors,13,Married,Professionals,Wife,White,Female,0,0,20,USA,<=50K
46,Government,222115,Bachelors,13,Single,Administration,Not-in-family,White,Female,99999,0,40,USA,>50K
19,Without-pay,43887,HS-grad,9,Single,Farming,Own-child,White,Male,0,0,10,USA,<=50K
73,Private,336007,Bachelors,13,Married,Professionals,Husband,White,Male,0,2246,40,USA,>50K
53,Private,211654,Some-college,10,Married,Repairing,Husband,White,Male,0,0,50,USA,>50K
19,Self_employment,129586,Some-college,10,Single,Farming,Own-child,White,Male,0,0,40,USA,<=50K
50,Private,135339,12th,8,Married,Sales,Husband,AsianIslander,Male,0,0,40,Cambodia,>50K
20,Private,41183,Some-college,10,Single,Administration,Own-child,White,Female,0,0,30,USA,<=50K
23,Private,312017,Some-college,10,Single,Executive,Not-in-family,White,Male,0,0,40,USA,<=50K
23,Private,205865,Bachelors,13,Single,Executive,Own-child,White,Male,0,0,28,USA,<=50K
27,Private,31757,Assoc-voc,11,Single,Repairing,Own-child,White,Male,0,0,38,USA,<=50K
33,Private,152875,Bachelors,13,Married,Other-service,Wife,AsianIslander,Female,0,0,40,China,<=50K
41,Private,349703,Assoc-acdm,12,Married,Farming,Husband,AsianIslander,Male,0,0,40,USA,<=50K
24,Private,188300,11th,7,Single,MachineOper,Unmarried,White,Female,0,0,40,USA,<=50K
34,Private,346275,11th,7,Single,Handlers,Not-in-family,White,Male,0,0,43,USA,<=50K
22,Private,211968,Bachelors,13,Single,Administration,Own-child,White,Female,0,0,40,USA,<=50K
49,Government,119904,Bachelors,13,Married,Professionals,Wife,White,Female,7688,0,30,USA,>50K
